bediondo,français
r5,à côté de
biyà,abeille de terre
tèjà,abeille; miel
bilè,abri (animaux domestiques)
t6,absence de
dan,accompagner
màs+,acide : être
ibà,activer (feu)
ndog#,acheter
t5jx,adorer; honorer
n$b£li,aiguille
1,"aiguiser, affûter"
dèr,ainé de famille
bè,"ainsi, comme ça; seulement"
"mà,s#1l",aisselle
è,"alors, ainsi"
àw : Do=àw,aller
àt#,amer : être
péle,ampoule
kôro,Le
tum,iguille
da,imal
ningé,"ineau, bracelet"
k5ÿ-nè,née : cette
kà Î-nè,"née, passée : le"
mbe,annonce publique
mbüûr,antilope : espèce de
kaäal,antilope (cob de Buffon)
tèbà,antilope (guib harnaché)
nàst,antilope cheval
kàyà,"antilope, bubale"
1lüûm,"antilope, eland de Derby"
ba,appeler
go,après
$-gàjà,arachide
f-ngàti-Pe-gàna,araignée
kagx,arbre
ké-KkägE,arbre : esp. de
dä-k3,arbre : esp. de
jangx,arbre : esp. de
kdbà,arbre : esp. de
matz,arbre : néré
s+ys,arbre de karité
màlè,"arbre, esp. [Vitex doniana]"
d#l,arbre : cailcédrat
koy-kagx,arbre : esp. de
küns,bre : kapokier
$-gàrära : Gor-=gâr1ya,bre : palmier doum
£-mongé,buste : esp. de
gûm,buste : esp. de
ngàa,buste épineux : esp. de
käm,buste; feuille
kündèirü,-c et flèche
ngà-b+rs-nd1,arc-en-ciel
güsù : Do=pâtà,argent
wân)jx,argile noir
nèibè,argile rouge
gos# : Gor-gost,artiste
Èist,"asseoir, se"
àsi,|'assez: être; suffire
d35,attacher
ng£ns,- | attendre
1à,attraper a la volée
nj0,aubergine
s1,augmenter en volume
mâri,"autrefois, auparavant"
bü,autruche
tüû,avaler
k$été,"avant, entre-temps"
kà,avec
sè- : Dbh=sè-,avec (avec pronoms)
mÈènd#,reugle
ySk#,"roir de jeu, mal serrè"
ndàl,roir des rapports sexuels
ndôg#,"iigner, se baigner"
16,iiller
kündx,ilafon
ndèss,balai
yér,balancer sur la tête
itè,balayer
ngdy,balle de grain
mbäy,barbe
düun,bassin; rein
indè,"battre, frapper"
bàsà,beau : être
s4)#,"beau-frère, belle-soeur"
mèm,"beau-père, belle-mère"
bôrè,beaucoup; très
tad#,bégayer
màandi,belle : être
wér : Do=wäd,belle-soeur
b£1bÈ],bière de mil
ndà,blanc : être
nàsär,"blanc, Européen"
màangx,"boeuf, vache"
ày,boire
kàsà,)isson
mà;jà,nn : être
gÈnè,sse (la)
bàl,UC
dè,uclier
tà,uche
bèr,ue
biys,bouillie
159#,bouillir
"mùd#,mür",boule de mil
mboy,bourrer; pousser : piétiner
£-bif-si,"bousier, scarabée sacrée"
yal,braises
ng5ngèrs,brindille sèche
t5 : Dh=t5,"> |briser, casser"
müm,brouillard
mù,brousse
yém,bruiner
"kà, ké : Do=kä",bruit
ng,bûche
dôgi,buffle
55y5,cacher
Èys,cacher; tendre
nxn,cadavre
mbàl,"cailloux, pierre, montagne"
nèt,calciner
£-ngé,calebasse
jènt,calebasse - cuillère
kü,"calebasse, esp. de"
gàr,"imarade, copin"
£-1:ysy,iméléon
ndäb#,inard
bày,incère de la peau
rège,inne de sucre
j)5m,caracal
tètà,casser
dé,"ce, le"
büwè,célibataire
Bû,cent
dàn,"centre, milieu"
pèn,céphalophe à flancs roux
ndo,cerémonie d'initiation
ndä;j#,cicatrice
dà-ra,ciel
m£,cinq
kèndè,"cithare, harpe"
gujs,civette
ûnjx,clair: être; allumer
àÿ,"clair, propre: être"
ng#r,clitoris
;jàl,cob des roseaux
f5ngzrs,coeur
ong#,colère
t£ys,coller
bàñ,mbien
bànñ,mmen t ?
tids,mpter
ndètz,)ncerner
$-kès#,»ncombre
65,nfier
ndèe,confier un travail
g61,consoler; bercer; tromper
f-sû,conte
ndængs,convoiter
màd#,copain
küûns,coq
ng6y,"coquille, écaille, écorce"
kägàa,corbeau
kùüls,corde
gàjà,corne
rs5,corps
kàdi,côté de: à
büy,coton
ménd#,cou; gorge
to,couché : être
s#1,coude
ûûu : Dh=ùr,coudre
b41,couleurs; dessin; lignes
ijè,couper
3jà4g#,couper en morceaux (les os)
t£igs,"uper, hacher"
r+bs,urgette : petite
ngod#,urse; courir
gà;jà,urt : être
kiys,uteau
"gôngzrà,",uteau de jet
kébe-tà-dàm,couvercle du grenier
trbz,"cracher; crache, salive"
kàz,crapaud
ndSr : Do=ùd,creuser
bôlè,crinière
$-bèté,criquet dévastateur
"màrà,màrèim",crocodile
ndaà,cuire
kül,cuire [la sauce longue]
bèng#,cuisse
Èdx,"cuit, à point : être"
ndàr,cultiver
màdi,cynocéphale
tàl,chacal
)4mbàl,chameau
pa,"anson, chant"
kül,1arbon
mal : Do=mal,1arognard
bàtü,at
mÈilè,at sauvage
kif,1atouiller
"tèngs,",aud : être
9bE,chauffer la base d'un arb
sa,chaussure
do,"chauve-souris, esp. de"
ndùy,chavirer
ngat,chef
tàw,chenille (sans poils)
sa,chercher
sinds,cheval
bèisr-dù,) cheveux
kûkèlü-njà,cheville
biys,"chèvre, cabri"
àbilày,chicotte
ndéy,chicotte
b£s#t,chien
mbétz,choisir
né,chose
taà,d'abord
mèe,dans
1è,danser
tri,chirer
"trté,tité",dans
ndägâ,hors
bé,jà
10-t1I,main
dèjà,"demander, poser (question)"
ndo00,démanger
nag#,démener; arracher
ngangz,dents
Èts,dépasser
t5r,déplumer
n)#b5,déranger
gidà,derrière
"rèisà, rûsà",descendre
ùr : Do=ùd,descendre; entrer
tüût#,"détacher, délier"
nùjà,détruire; abîmer
kzirs,dette
)06,deux
n9,devant
tà,devant
sû-kàdr-nà3-6e,devinette
ndèng#,diarrhée : avoir
Lüws,Dieu; Luwa (frère de Sou)
è,re; marqueur de convers
è1,re; parler
k51,"-sputer, palabrer"
nàjx,"-sputer, quereller"
15b#,-stribuer
"dôgà, küt",_X
ngon-j1,)igt
àd#,donner
gàdà,dos
jèkè,doucement
£-ndo,douleurs prenatales
ma;jz,douter
dé£i,droit
kà,droite
ngàa,"dur, difficile : être"
ii,durer longtemps
manñ : Do=man,"eau, de l'eau"
tàl,éclabousser; sautiller
ndu,éclater; vacarme
ng6y,écorce
mama,écorce sec
rûnd#,écraser
ndèm,écureuil : esp. de
55n,écureuil de Gambie
mbél,échanger [qc]
kèdx,éléphant
ùl,ever; nourrir
ba,pêcher; refuser
yèl,\poisonner
ndims,\prunter; prêter
gûg#,\ arrière
sété,\ vain
10,"droit, lieu; temps"
ndèm,"enduire d'huile, oïindre"
ngon,enfant
ùdji,"enfanter, accoucher"
su,enfiler
tf,"enfler, s'enfler, gonfler"
su,enfumer [qc]
bét:-béré-à Î:Gor-légé,engoulevent
Ôr,"enlever, retirer"
ké,enrouler
kùû,enrouler
nàa-t#,ensemble
nàa,ensemble : réciprocité
nduf,entasser
00,"entendre, écouter"
dibz,"enterrer, semer"
gs : Do=qüg,entourer
mbins,"entre, parmi"
bStz,entrejambe
ànd#,entrer
dole,"envelopper, emballer"
ma Î,vie de
Èilè,ivoyer
ndès,ais : être
t1I,">arpiller, écarter"
bag+,aule
k5Sn,"ine, épines"
tigs,"épuiser. finir, achever"
",làbà",escargot
dùl,esp. d'antilope
rzngs,"esquiver, s'esquiver"
mb+f,"essorer, tordre"
b3F : Dh=bor,essuyer
ngà,"et, mais"
nà;jà,"étaler, étendre (au soleil)"
f-tisé,éternuement
$-mêé,étoile
è,être
à,être debout
ndé,étudier; aprendre
si,excrément
birè-k3sà,expert cultivateur
s1,fagot
65,faim
ra,faire
ndàw,ire griller à sec
to,"ire mal, faire souffrir"
ndûj+,irine
kà,itigue
3,itigué : être
ngordngi,iucille
dèné,femme
n£é,"femme, épouse"
gaj#,fendre
ta,"fendre, couper"
r+ys,fendre; déchirer
kay,fendre; diviser; partager
gèndx,fer
ût#,fermer
g£n,fesses
pôr,feu
bänd#,filet
ngon,"fils, fille"
ndèe,filtrer
bàyà,fille initiée
ndôle : Do=ndûle,flétrir:se
pût,fleur; fleurir
ba,fleuve
nàl,flûte
ùr,foie
mône,foin (pour les animaux)
n)jà,fois
1èé,fondre
tég#,)rce
kù,)rêt
0,)rger
kÔd#,)rgeron
ôlè,"rt:être (boisson, magie)"
mbât#,uiller
gàjà,urchu : être
£-tüû,"fourmi, petite noire : esp."
t£ys,fourmi rouge : esp. de
tôy,"fourmi, rouge : esp."
bära,fourmilier
p#l,foyer
sàl,frais : être
mbs 1 : Do=mbol,frais; mouillé : être
ngo-ké,"frère, soeur"
kuüul : Do=kul,froid
nàti-nù,front
ùsà,frotter
ànd#,fructifier
kànd#,fruit
ày,"fuir, s'enfuir"
sà,fumée
ngàw,"furoncle, bouton au visage"
ko06,future vie; au-delà
bàtàng#,galago : esp. de
ngsm,garder [troupeau]
gè1,gauche
tims,mir
yidà,ncives
tag+,nette
kol,rafe
fù,aner
y£ms,mbo
gàl,"gourde, esp. de"
gè1,gourdin
na,goûter
tà-Kkül,grâce à
Kko,"grain, germes"
èmè,graisseux : être
tôgi,grandir
kà,grandparent
ùy,gratter
k5s#,grêle
dàm,grenier
ndàngà,gronder
b0,gros : être
"dängä,dang#",grue couronnée
gûms,guêpe maçonne
àji,guérir; sauver
tém,"gui, plante parasite"
k£ngs,iche
kûy,imeçon
jàngilà,"ingar (pour l'ombre, etc.)"
mÈènjà,iricot
tàé,"ut, en haut"
tone,herbe mauvaise : esp. de
màù : Do=mû,"herbe, paille; brousse"
ndür,hérisson
ngén)#,hernie
£-k5w,héron garde-boeufs
kdY,hibou
tàg£-nè,hier
yàbà,hippopotame
kèsi,houe
Èib# : Do=yüb,huile
)1-j06,huit
r£égèm,hyène
nè,ici
$£-ngüûl,igname
ngàrèm,iguane
ù-,"il, elle"
d-,"ils, elles"
ndàâj#,imiter
suls,inciter au mal
sol,iquiété : être
küûûü,secte
n)£bs,secte : cantharide
tà4j#,isulter
tit,itestins
ni,ilousie entre femmes;
f-ngd6,"jarre, canari"
m-,je
mbé,joue
kôgE,jouer
nds,"jour, journée"
ndèngè,"jumeaux, jumelles"
b£té,jusque
nd6,là-bas
nû,là-bas (loin)
kyè,laisser
mbà,lait
ùr,lancer un projectile sur
i15,"lancer, jeter"
ndèn,langue
tà,"langue, langage"
tât#,large : être
téôgx,laver
-é,"le, la, lui (obj. de verbe)"
t5n: Dhb=ton,cher
bänix,‘pre
k£-ré,quel
-dé,"ss, leur"
b£ndifi,bellule
dîtigqüm,lièvre
"sày, séy",loin
ngé-si-sèlèlè,"lombric, ver de terre"
ngal,long : être
pé£t#,louer; féliciter
3ÿ : Do=dÿ,lourd : être
£-ndoy-dé,luciole
ndéle,luire; briller
nay,lune
milè,lutte
r5,"lutter, se battre; guerre"
nja,magouste à queue blanche
èng#,maigre : être
)1,main
Pàsénè,maintenant
£-b$1£mté,maïs
kéy,maison
moy,maladie
mètà,iladie; infirmité
dingèm,ile
kül,inche
ùsÔ,inger
0,inger (qc mou)
ngàli,inioc
$-g5ngx,mante religieuse
sûk#,marché
nj+ys,"marcher, se promener"
béylà,margouillat
ngàw,mari
bày,"marmite, petit"
à,marqueur d'interrogation
k5$,marqueur de débarrassement
à,marqueur du futur
je: Do=ge,marqueur du pluriel : nom
-1,marqueur du pluriel : verbe
t£:Dh=ti,marqueur locatif
si,matin. de bon matin
man,maudire
-màajài,mauvais : être
-m,me (obj. de verbe)
däwa,médicament
wàst,melon
gôn,menton
ké,mère
mb5)j#,mesurer
Ôs#,ttre en rang
tèji,el
s6-t#,"eux, être mieux"
tsy,1 pénicillaire
wa : Do=wàa,"1, esp. de."
dib#,lle
mbàtà,"mince, svelte : être"
ibs,modeler
m1 : Do=ma,moi (forme indépendant)
-mM,"mon, ma (oblique)"
à] : Dh=àT,monter
-d1i,monticule; termitière
t53x,montrer
3jà,"montrer, expliquer"
dà,mordre
kdy,mort
yo,mort; sorcerie
bèr,mortier
kéng#,mouche
yom,mouillé : être
dy,mourir
külüm,mousse
y#1,moustique
bàt#,mouton
mbù),mûr : être
gèté,n'exister pas
àlè,iger
päl,itte : sorte de
tüws,itte : sorte de
ût£:Dbh=6t#,> faut pas
j1-kâre,uf (9)
èm,Z
ma)jx,er
ndùl,noir :être
£-r5y:Gor-d5ÿ,noix de karité
géro,noix kola
t5 : Dhb=t5,nom
k5r : Do=k5r,nombre
bày,"nombreux, être"
küm,nombril
né-kùsû,nourriture
j- : Dh=;-,nous (nom.)
-jè,nous (obj. de verbe)
sègà,"nouveau, neuf"
pôÿ,J | nouvelles
gum,noyau
il,"nuageux, noir : être"
d+b#,"nuit, sombre : être"
go,nuque
kèm,oeil
kàw,oeufs
yèl,oiseau
dängt,oiseau : drongo
nd£$l,ombre; esprit
nan,oncle maternel
mb1 : Do=mbt,eille
s?ngs,phelin
ré,seille
wal,ourébi
tâgiré,ouvert
tèe,ouvrir
kàây,pagaie
151,pagayer
mépà,pain
màarmängä,pangolin
kàrè,"panier, sorte de"
njala,pantalons
kàgà,panthère
mbste,papier; livre
£-14-bè8,papillon
tà-d5,parce que
tsk£,pareil : être
n0)#,"parents, famille"
dàbà,paresse
tà,parole
gaya,partager
ÔtÀ,partir
à {,"pas, ne ... pas"
yolè,passer sur le feu
bangàw,patate douce
dà-j1,ume
ndoo,iuvreté
ègs : Do=ùba,yer
ngzxrs,au
ndaà,"‘au, cuir"
mbàw,cheur
èn,pénétrer dans l'eau
bsr,pénis
bàiw,père
mèdi,perles
dèw,personne
duû,petit :être
j41 : Do=i,"peu, un peu"
bèr,phacochère
njà,"pied, jambe"
gum,piège
dé,"pigeon, tourterelle"
sèbà,piler (pour enlever le son)
goy,pilon
dûgà,piment
mène,"pincer, gratter"
tànji,pintade
td6,pipe
dsi : Dh=3s,piquer
tüug#,piquer
to,pirogue
té,"ace de, traces de"
kày,acenta
do,"aie, blessure"
nèl : Do=nèl,aire
n0,eurer
nd1,uie
bèl : Do=bèl,plume
biI,poil
wûl,pois de terre
kèngi,poison
känjx,poisson
kèsèngà,poisson : capitaine
dS Î,poisson :esp. de
gü : Do=bà,poitrine
bdb£r5-m£ndz,pomme cannelle
£-gùÎ,| pomme d'Adam
bäbirà,pont
+ys,porc-épic
Ôt#,porter
95,porter (des habit)
inds,poser à plat
ng£s5,pou
kinjé,poulet
tàds,ur; à cause de
d5-rfi,urquoi
ndûm,urri : être
bàäbür,ussière
bü : Do=bü,ussière
ddà-séy,"premier, d'abord"
tàa,prendre
ûn,prendre
tà,préparer la bouillie
oôrè,"presser, forcer"
t5no,"prêter, emprunter"
gat#+,prix
bàsi,proche
ù,"profond, être"
njè,propriétaire
£ba,propriétaire
bôlè-maànñ,puits
£-Bômo,punaise des lits
wüy,pus
mam,python
10-k#,quand
s$,quatre
kàd#,"que, pour que"
rf,"1e, quoi"
k3y,"iémander, solliciter (don)"
mdng,eue
né,"ii, que"
mbé,"ramasser, prendre"
àgà,ramper (un enfant)
àlè,ramper (une plante)
bàa,rancune
ngèiss5,"raser, se"
y£ngs,rasoir
ndan,"rassasié, être"
käw,rassembler
nèm,rat :esp. de
yégz,"rat, souris"
nàl : Do=nàl,1 | rater; manquer
nag£,rattraper
mbàa,rayon de miel
ndéj#,redresser
1:ys,refroidir
mbat#,refuser
rèsà,remplir
koré,remuer
tüuwo,renvoyer; chasser
ètà: Dbh=ôt,répandre une odeur
ndig,‘pondre
bèisx,:sidu
kèS,spiration; repos; souffle
g4,ste
này,2ster
ndél,"veiller, se réveiller"
tél,"venir, rentrer; tourner"
n1,rêver; rêve
bèn,rhinocéros
kagx,rhumatisme
sûk£,rincer
kôg#,rire
jàngà,rival
mà,| | rônier
tàl : Do=tàl,rosée
dài},". | roter, éructer"
Kkèr,rouge : être
rébx,"route, chemin"
rébe,ruche
561,sac
gàgi,sagaiïe : sorte de
nèngè,"sagaie, lance"
ûwè,"saisir, prendre"
Pà : Do=bèr,saison pluvieuse
näy-kàdi,saison seche
Bèbi,ileté
mésx,ing
£-tsndx,ingsue
ànjz,ins
téy,uce
bàl,saut
gès,"savoir, connaître"
ndànè,scolopendre
£-ni,scorpion
tûti,sec : être
àÿ,sec : être (en surface)
"mbog#,",secko
mbà,sein
kàt#,sel
j)#ngs,semoule
gangx,separer
s#ri,sept
11 : Dbh=1,serpent
ké,sésame
kâr,"seul, tout seul"
sé,si
ndèl,lure : esp. de
gàgi,lure : esp. de
bèt#,.nge
mèhé,.X
kinds,if
kàdi,soleil
kàl,solitude
tèil,"sombre, nuit"
bins,son de mil
è,"son, sa"
kèims,sorcier
99j?,sorgho
j#g,souche
gén,"sous, dessous"
gès,spatule en bois
kùjà,stérilité
nj£bz,sucer
ning#,sucer
È1,sucer (enfant)
léndz,sucré : être
tètz,sueur; suer
dà,"sur, dans"
dà-bü-b+ys,tabac
k:mbor,tabouret
g£édz,lon
màs+,imarinier
k9di,imbour
dàlè,imbour à deux faces
gäng#,"imbour, grand"
tème,mis
yètè,tamis : sorte de
sàñ : Do=kire,tamis : sorte de
bèn,tante paternelle
gé,tapioca blanc
\i1,tarir
-1: Do=-1,te (acc. s.)
ngèrè,tendons (de viande)
wa,termite ailé
y0,termite blanc
nàngi,"terre, sol"
dà-nàngi,terre; territoire
gèm,testicules
d5,tête
-käst,tibia
käd#,tige
mèyè,tique
ndér,tirer
jônde,toile d'araignée
bédx,tombe
Ôs#,mber
èdi,mber (pluie)
-1,"on, ta; toi"
ngèl,>rche de paille
rûgà,rdre; être courbé
mèy,>rtue : esp. de
bél,tortue : esp. de
5dà : Do=3d,toucher
ngändäng#,"toujours, souvent"
là4y,tous
kést,tousser
mbôre,traire; presser avec main
àtà,tranchant : être
kÈlè,travail
dS : Gor-dsr,"traverser, passer"
dàd#,trembler
y#l,tremper
pét#,tresser
d)j#,tresser (le secco)
mité,trois
lôndi,trompe (éléphant)
Be,trou
bôlè,trou
mbètà,"jouer; percé, être"
èngè,-ouver
Pàa,ouver par terre
#-,1; vous
t51,ler
kâre,"1, une"
kèd£-maàn,urine
mûdà,vagin
kèe,"van, panier pour vanner"
béjz,"vanter, se"
künj£:Gor-=kûnj#,vapeur
bür,varan
làb#,vendre
rèe,venir
i,venir de; se lever
nél,vent
mèe,ventre
mdtà,"verge, pénis"
ndus+,vermoulu : être
Kk#,vers
mbél,verser
ndist,verser pour décanter
k+b#,vêtement
da,viande
b£gs,vieillard
g6,eux
be : Dh=be,llage
g09,siter
ndà1l,"_squeux, gluante"
1äw,te
Ô0,ir
màdx-Pe,)isin
ndu,voix
Bôgà,voler
t5mo,vomir
gè,vouloir
-sf,vous (oblique); votre
mba : Do=mba,"voyage; hôte, invité"
£-ndx,"youyou, faire"
£-sind£,zorille
