daba,français
tèi,abeille; miel
bùl à,abri (animaux domestiques)
dan,accompagner
màs,acide : être
ib,activer (feu)
nj1g0,acheter
t#1,"aiguiser, affûter"
dèr,ainé de famille
s$1,aisselle
à,"alors, ainsi"
àt,amer : être
kèd®©,Le
da,imal
mber,annonce publique
nàs,antilope cheval
k5r,appeler
y1d5,arbre : esp. de
Bits,arbre : esp. de
j11,arbre : cailcédrat
käm,buste; feuille
dübà,"arrêter, s'arrêter"
inji,"asseoir, se"
às,|'assez: être; suffire
d35,attacher
njôr,aubergine
jäng : Kul=n5f,autre
büiü,autruche
ùr,avaler
i,avec
-ñ,avec [qc dont on a parlé]
mindo,reugle
ndôg,"iigner, se baigner"
160,iiller
ndisa,balai
ùtà,balayer
mbaäaÿ,barbe
bèf,"bas, en bas"
ündà,"battre, frapper"
bäsé,beau : être
sài,"beau-frère, belle-soeur"
ngéy,beaucoup; très
mànd,belle : être
bil-bil,bière de mil
"ndà, è6",blanc : être
mànñng,"boeuf, vache"
ày,boire
äérgè,)isson alcoolisée (fort)
mbe,nn : être
bàl,UC
tà,uche
bèt,ue
1eg,bouillir
bina,boule de mil
ngo,brindille sèche
0,brûler
dàg,buffle
ùya,cacher; tendre
nin,cadavre
mbàl,"cailloux, pierre, montagne"
ng6,calebasse
ndäb,inard
kési,inne de sucre
y6,"ce, cet (emphatique)"
kàb,célibataire
bü,cendre
ùgànà,cent
dàn,"centre, milieu"
pèn,céphalophe à flancs roux
ndo,cerémonie d'initiation
njt)à,cicatrice
dàra,ciel
mi,cinq
kündè,"cithare, harpe"
àr,"clair, propre: être"
wür,coeur
hong,colère
bèdi,mbien
mbà,mmen t ?
ndèt,)ncerner
d],conseiller
ng$,"coquille, écaille, écorce"
gà),corne
da-r5,corps
bô,"côté, poitrine"
k$b,cou; gorge
to,couché : être
ki1-i1,coude
ijà,couper
tügé,"uper, hacher"
r1bs : Gor-=ruüuws,urgette : petite
ng5d,urse; courir
g3)j,urt : être
m]ya,uteau de jet
Boi,craindre; peur
Kkèàr,crapaud
n0o,crier
mar,crocodile
nj1ir,cuire
kül,cuire [la sauce longue]
baäng,cuisse
èd,"cuit, à point : être"
nds,cultiver
màd,cynocéphale
3ä4mal,chameau
kèm-nd95,champ
pa,"anson, chant"
kül,1arbon
tinga,aud : être
poro,chaussure
dow,"chauve-souris, esp. de"
tàw,chenille (sans poils)
séa,chercher
sûündé,cheval
bii-d5,) cheveux
b1 yä,"chèvre, cabri"
ndéy,chicotte
bis,chien
yé,chose
kém-ta,d'abord
kèm,dans
10,danser
1lôt1,main
njijo:Gor-=dèjà,"demander, poser (question)"
ndo,démanger
tôy,dépasser
tér,déplumer
gid,derrière
dis,descendre
jéd,deux
nû,devant
ndèñg,diarrhée : avoir
Lüba,Dieu; Luwa (frère de Sou)
è],re; parler
k51,"-sputer, palabrer"
nà),"-sputer, quereller"
d35,_X
àd,donner
gid,dos
ndo,douleurs prenatales
k3l,droite
tüuda,durer longtemps
ké-màm,écorce sec
düûd,écraser
i à,écrire
ndäm,écureuil : esp. de
kèd,éléphant
Bàt,ever; nourrir
dg,pêcher; refuser
10,"droit, lieu; temps"
ngon,enfant
0),"enfanter, accoucher"
tit,"enfler, s'enfler, gonfler"
su,enfumer [qc]
9r,"enlever, retirer"
ngè-bàa,ennemi
Bir,enrouler
nèàa-ti,ensemble
00,"entendre, écouter"
BÈr,"envelopper, emballer"
ma Î,vie de
ùlà,ivoyer
dà-bäg,aule
k5n,"ine, épines"
t1ga,"épuiser. finir, achever"
daùl,esp. d'antilope
0,"et, aussi"
mè,"et, mais"
1àj,"étaler, étendre (au soleil)"
ki-disé,éternuement
i,être
dà,être debout
nd6c,étudier; aprendre
ki,excrément
bürà-kàs,expert cultivateur
Kkir,fagot
65,faim
da,faire
to,"ire mal, faire souffrir"
ndù),irine
dr,itigué : être
dèé,femme
n1 yé,"femme, épouse"
kay,fendre; diviser; partager
Ùùt,fermer
gäy,fesses
wod,feu
bän,filet
bèà yà,fille initiée
ba,fleuve
mi ré,foin (pour les animaux)
njà,fois
Kkù,)rêt
dng,"rt:être (boisson, magie)"
gàj,urchu : être
b5t-y1l,foyer
s31,frais : être
nènd,"frère, soeur"
änd,fructifier
kànd,fruit
ngér,fruit pas mur
ày,"fuir, s'enfuir"
sà,fumée
gèl,gauche
büd-ngäng,ncives
nimé,mbo
gàl,gourdin
na,goûter
Kko,"grain, germes"
èm,graisseux : être
boô,grand : être
kà,grandparent
dàm,grenier
ndàng,gronder
yet,guêpe jaune : esp. de
birbi,guêpe noire :esp. de
à),guérir; sauver
künga,iche
kùy,imeçon
dàb,"ingar (pour l'ombre, etc.)"
mèn),iricot
ddé,"ut, en haut"
tiro,herbe mauvaise : esp. de
ndûüd,hérisson
k3y,hibou
tàg$i-nèe,hier
dé-di-s$,huit
küyum,hyène
nèe,ici
bèd,idiot
ndé)j,imiter
kùr,secte
téj,isulter
til,itestins
ni,ilousie entre femmes;
ki-ngùr,"jarre, canari"
m-,je
ro-kè,"joie, félicité"
kil,joue
nông,jouer
nds5,"jour, journée"
ndüngà,"jumeaux, jumelles"
nû,là-bas (loin)
]yà,laisser
mbà,lait
ùd,lancer un projectile sur
ila,"lancer, jeter"
ndo,langue
tà,"langue, langage"
t figé,laver
-4,"le, la, lui (obj. de verbe)"
ban),‘pre
ngàä-dé,quel
-dé,"ss, leur"
ùdà,loin
yit,louer; féliciter
n)i110,luire; briller
na,lune
d5,"lutter, se battre; guerre"
;1,main
nj0,maïs
kü;,maison
moy,maladie
) ingà,ile
ùsà,inger
gàjà,inioc
k{1,margouillat
ngàw,mari
kènèng,marqueur de débarrassement
-1,marqueur du pluriel : verbe
-m,me (obj. de verbe)
dân,médicament
wàs,melon
ké,mère
ùs,ttre en rang
tey,1 pénicillaire
säk,lle
mbèt,"mince, svelte : être"
-mM,"mon, ma (oblique)"
t5;,montrer
à),"montrer, expliquer"
dù,mordre
koy,mort
yd,mort; sorcerie
bit,mortier
kéS,mouche
yin,mouillé : être
dy,mourir
bät,mouton
às,mûr : être
gèté,n'exister pas
kén,Z
na),er
i1,noir :être
küm,nombril
yé-kùsà,nourriture
-jé,nous (obj. de verbe)
kij,"nouveau, neuf"
kûüt-go,nuque
kèm,oeil
kàäw,oeufs
yèl,oiseau
ni11,ombre; esprit
nan,oncle maternel
di-dé-j5d,ze
k1ngs,phelin
dä4,seille
täg,ouvert
Ôr,ouvrir
häy,pagaie
pel,pagayer
mäpà,pain
njala,pantalons
kit5,parce que
ti,pareil : être
n6)j,"parents, famille"
à Î,"pas, ne ... pas"
baängàw,pe
dà-jt,ume
ndo,iuvreté
ngè-ndo-kan)j,cheur
bürà,père
mèd,perles
dèe,personne
j$,petit :être
bèd,phacochère
njà,"pied, jambe"
dér,"pigeon, tourterelle"
s00,piler (pour enlever le son)
goy,pilon
ndéngé,piment
ùg,"pincer, gratter"
tàn),pintade
to,pirogue
Kk3,acenta
do,"aie, blessure"
nj1,uie
bil,poil
wûl-ndà,pois de terre
kan)j,poisson
tib : KoN=t£6i,poisson :esp. de
j5r-k$b,| pomme d'Adam
1y9,porc-épic
tà-küû;,porte
ito,porter
ùlà,porter [habits]
ünda,poser à plat
ngisaä,pou
kün)jé,poulet
t5-di,urquoi
ndüm,urri : être
taa,prendre
ûn,prendre
ù,préparer la bouillie
ngeg,proche
ùr,"profond, être"
ümba,proposer
ngè,propriétaire
kiBe,propriétaire
bild-màn,puits
b1,pus
mam,python
1d-ngàà,quand
s$,quatre
di,"1e, quoi"
kà,"iémander, solliciter (don)"
Sèng,eue
né,"ii, que"
ngirà,icines
dy,"ramasser, prendre"
àg,ramper (un enfant)
àl,ramper (une plante)
bàa,rancune
yég,"rat, souris"
gä,\ | réfléchir
dès,remplir
bis,:sidu
kdo,spiration; repos; souffle
ndég,ste
này,2ster
ndél,"veiller, se réveiller"
tél,"venir, rentrer; tourner"
n1,rêver; rêve
ông,rhinocéros
bal,rien; vide; normale
igo,rire
;àng,rival
èng,". | roter, éructer"
kàs,rouge : être
d6b,"route, chemin"
661,sac
ningà,"sagaie, lance"
ùwà,"saisir, prendre"
bal,saison seche
midé,ileté
or,"live, crachat"
sé,ins
té,uce
gèr,"savoir, connaître"
ày,sec : être (en surface)
ndog,secko
yék,secouer
mbà,sein
) ingà,semoule
més-)06ɗ,sept
kér,sésame
ké,si
bèt,.nge
mihé,.X
künda,if
kàd,soleil
-à4,"son, sa"
mä Î,sorcier
tèe,sortir
kä-gèr,spatule en bois
njib,sucer
neng,sucer
il,sucer (enfant)
rép,sucré : être
dù,"sur, dans"
mäng,tabac
"käg-nji,mbata",tabouret
té1,1iller; affûter
màs,imarinier
kôd,imbour
bèr,tante paternelle
i1,tarir
ngirà,tendons (de viande)
wa,termite ailé
yo,termite blanc
nèng,"terre, sol"
dà-nèng,terre; territoire
dà,tête
käs,tibia
ndér,tirer
iso,mber
èd,mber (pluie)
-1,"on, ta; toi"
mè,>rtue : esp. de
nél-maîi,tourbillon
kéré,tous
àt,tranchant : être
Kkùlà,travail
ndèb,trembler
ddà-mdté,trente
ij0,tresser (le secco)
wél,trou
bilô,trou
ingà,-ouver
6àa,ouver par terre
1-,1; vous
t51,ler
käda,"1, une"
kéd-màñ,urine
kèe,"van, panier pour vanner"
bur,varan
ka,vendre
dèe,venir
i,venir de; se lever
nél,vent
kèm,ventre
mbél,verser
ôñg,verser
da,viande
dd-j0d,ngt
dé,te
d0,ir
màd-be,)isin
ndu,voix
gè,vouloir
-sé,vous (oblique); votre
njil,"youyou, faire"
