mbay,français
rö :,à côté de
màý,à l'envers
b¡y¼ :,abeille de terre
kó-tŸÏ,"abeille, esp. de"
tèjÕ :,abeille; miel
bÕlà :,abri (animaux domestiques)
kîl,abri dans un champ
gót‡ :,absence de
dän,accompagner
màs¸ :,acide : être
ìbÕ,activer (feu)
nd¸gö :,acheter
ndüb¸ :,adorer; honorer
ìdè,"aigre, acide : être"
líbÕr :,aiguille
îl,"aiguiser, affûter"
tár :,aimer
dè® :,ainé de famille
"bè, bèé :","ainsi, comme ça; seulement"
màsôl :,aisselle
ànþ a,"alors, ainsi"
àÛ :,aller
àt¸,amer : être
màd¸-k‡rá :,ami
hílë :,ampoule a
kòrö,e
tüm :,guille
dº½,imal
nïngá :,"neau, bracelet"
ßäl :,née
"kònï-nŸþ,kònï-nèë",née : cette
kàlèë :,"née, passée : le"
mbër :,annonce publique
mbúr :,antilope : espèce de
käl,antilope (cob de Buffon)
tòw :,antilope (guib harnaché)
nàs¸ :,antilope cheval
kày :,"antilope, bubale"
dùd¸,"antilope, eland de Derby"
kô®,appeler
kúñ,"appeller, nommer"
gët¸ :,appuyer
gö,après
"wú£,wú£-dùm",arachide
súu,araignée
käg¸ :,arbre
yïdä,arbre : esp. de
ßìtà :,arbre : esp. de
kó« :,arbre : esp. de
däa :,arbre : esp. de
jänj¸,arbre : esp. de a
kòw a,arbre : esp. de
mät¸ :,arbre : néré
k¬yº :,arbre de karité
m¦y :,"arbre, esp. [Vitex doniana]"
dïl :,arbre : cailcédrat
bùtò-tàÛ,arbre : esp. de
k¸rº :,bre : kapokier
gáÿ :,bre : palmier doum
jÕngä,buste : esp. de
k‡-möng :,buste : esp. de
gúm,buste : esp. de
ngà® :,buste épineux : esp. de
kám :,buste; feuille
kÕrº,c et flèche
k‡-dös‡-b¸rä,arc-en-ciel
nàr,argent
hánj‡ :,argile noir
ndÕbà :,argile rouge
ßïngä,arracher
dÕbà :,"arrêter, s'arrêter"
tèë,arriver
gös¸ :,artiste
ndì,"asseoir, se"
àsÕ :,assez : être; suffire
kìdè :,asticot
dîû,attacher
ngóö :,attendre
gáÛ :,attraper a la volée
njòr :,aubergine
àg¸ :,augmenter en volume
ßó-làä,aujourd'hui
dáng,autre
márí :,"autrefois, auparavant a"
bülüm,autruche
ùr :,a
kété :,b
kÕ,avec
sè- :,avec (avec pronoms)
-² :,avec [qc dont on a parlé]
mùndö,eugle
ngè-kùm-tûû,eugle
yôk¸ :,"oir de jeu, mal serrè"
sò® :,oir des rapports sexuels
ndòg¸ :,"igner, se baigner"
lóö,iller
kúnd¸,lafon
ndÕsä :,balai
yá® :,balancer sur la tête
tà,balayer
tÕsá :,balle de grain
mbäý :,barbe
bè©,"bas, en bas"
dün,bassin; rein
ndà :,"battre, frapper"
bàsá,beau : être
sáj‡ :,"beau-frère, belle-soeur"
mùm,"beau-père, belle-mère"
ngªy :,beaucoup; très
ßäd¸,bégayer
màndÕ :,belle : être
hôr :,belle-soeur
÷út‡ b,"benjamin, benjamine"
yïb¸ :,bière de mil
bí£-bìl :,bière de mil
ndàa :,blanc : être
nàsá± :,"blanc, Européen b"
màñg,"boeuf, vache"
¼ÿ,boire b
kàsÕ,isson
árgè :,isson alcoolisée (fort)
màjÕ :,n : être
"gÕnà,gÕn¼ :",sse (la)
bàl,uc
dèr :,uclier
tà :,uche
bîr :,Français
bíyä :,bouillie
lëg‡ :,bouillir
mbù® :,boule de mil
ßà,bourrer; pousser : piétiner
k‡-b¡ƒ,"bousier, scarabée sacrée"
yäl :,braises
ngöo :,Langues Sara
tûû,"briser, casser"
bùú :,brouillard
m“¾ :,brousse
yú« :,bruiner
káa :,bruit
njô®,bruit de désapprobation
Å¢ :,brûler
ngî,bûche
dîgÕ :,buffle
déw :,cacher
yä,cacher; tendre
nïÑ,cadavre
mbà£,"cailloux, pierre, montagne"
rùtö :,calciner
ngó,calebasse c
jènï,c
küu :,"calebasse, esp. de"
ndìng,lme
sò• :,llosité
näm :,"marade, copin"
k‡-lºy :,méléon
ndäb‡ :,nard
gù« :,nari (pour la bière)
bày,ncère de la peau
s‡lé :,nine
kád‡,nne de sucre
jäm :,caracal
tètÕ :,casser
t‡jä,"casser, rompre (fréq.)"
ndà£,causer à nuit
yé :,"ce, cet (emphatique)"
"nò,nà :","ce, le"
bÕwà,célibataire
búu :,cendre
ßúu :,Langues Sara
dàn :,"centre, milieu"
pàn :,céphalophe à flancs roux
ndòo :,cerémonie d'initiation
ndïjá :,cicatrice
dà-rº½ :,ciel
lÕbò :,cigogne marabout
mƒ¿ :,cinq
kìndè :,"cithare, harpe"
gïjä :,civette
ùnj¸ :,clair : être; allumer c
à®,"clair, propre : être"
ngïr c,clitoris
gòng :,clôture en bois
jà£ c,cob des roseaux
k‡-ngön-bïr,coeur
wöng :,colère
tƒyª :,coller c
làÛ,"ller, se"
b¼ý :,mbien
b¼ý :,mment?
t‡dá :,mpter
"dùs¸,ndètÕ",ncerner
kòs‡ :,ncombre
ßûû,nfier
ndèë :,confier un travail
îj¸ :,conseiller
gó£,consoler; bercer; tromper
súu :,conte
ndïngä/ndïngë,convoiter
màd¸ :,copain
k‡rª :,coq
ngôô,"coquille, écaille, écorce"
kág¼ª,corbeau
kÕlä :,corde
gàjÕ :,corne
rö :,corps
kàdÕ :,côté de : à
kàdÕ :,"côté, poitrine"
bù• :,coton
kôô :,cou; gorge
tò c,couché : être
kíl,coude
ù® c,coudre
k‡rá :,couleurs; dessin; lignes
jà,couper
jág¸,couper en morceaux (les os) c
gà,"uper, hacher"
bÕndä :,"urber, plier"
gòwú®,"urge non-comestible, esp."
rüwä :,urgette : petite
ngûd¸,urse; courir
gîjÕ :,urt : être
kìyä :,uteau
m¡yº :,Français
t‡ßö,couvercle du grenier
tïw :,"cracher; crache, salive"
ßö•,craindre; peur
k¼®,crapaud
Å¢ :,crépir
ùr :,creuser
wíy,cri d'alarme des femmes
köo :,crier
wòl :,Langues Sara
k‡-bèt‡,criquet dévastateur
màr :,crocodile
ngòr :,croquer
ndïr,cuire
kú£ :,cuire [la sauce longue]
gàr :,cuisine
bìñg :,cuisse
èd¸,"cuit, à point : être"
ndîû :,cultiver c
màdÕ :,cynocéphale
tà£ :,chacal
jámbàl :,chameau c
kûr :,champ
gáw c,champ en jachère
ßèe :,champignon
päa,"anson, chant"
kúl,arbon
mäl :,arognard
kôl :,asse; dieu de la chasse
sôk¸ :,asser dehors
bàtú :,at
mùlà :,at sauvage
kítë :,atouiller
tíngä :,Français
îÛ,chauffer la base d'un arb
säa,chaussure
ngîî :,chauve : être
ngîkÕr :,chauve-souris de maison
döw :,"chauve-souris, esp. de"
ndùy :,chavirer
ngä± :,chef
tàÛ :,chenille (sans poils)
njúwá :,chenille poilue
sáñg :,chercher
síndá,cheval
bìs¸-dî :,cheveux
kù®-kôô-njà,cheville
b¬yº :,"chèvre, cabri"
àbÕlày,chicotte
ndée,chicotte
bís‡ :,chien d
ngòö,chiffon sur la tête
mbéd¸,choisir
yª½ :,chose
yèr,chose dégoutant
tºª :,d'abord d
kàm :,dans d
lò :,danser
tï• :,chirer
tït‡ :,dans
t‡gá :,hors
wòy :,jà
lòo-tïi :,main
ßäng,mander l'argent emprunté
ndìjè :,"demander, poser (question)"
ndÅç :,démanger
när :,démener; arracher
ngäng :,dents
"dù«,tîÿ :",dépasser
ndôt¸ :,"déplacer, se"
rètÕ :,déplumer
"nj‡ßä,táp¸ :",déranger
gìdÕ :,derrière
÷ìsÕ :,descendre
ùdÕ :,descendre; entrer
ßál :,"dessins, couleurs"
tút‡ :,"détacher, délier"
"núj‡,túj‡",détruire; abîmer
g¸rä :,dette
jöó :,deux
nÅ :,devant
tà :,devant
sùngóo d,devinette
ndèñg,diarrhée : avoir
Lúwä :,Dieu; Luwa (frère de Sou)
÷àng,diffèrent; ailleurs
àn :,re; marqueur de convers
èl :,re; parler
kûl,"sputer, palabrer"
nàj¸ :,"sputer, quereller"
lüwö :,stribuer
kÕlá :,x
k‡-ngön-jï :,igt
àd¸ :,donner
ßïi,dormir; sommeil
gìdÕ :,dos
jén :,doucement
ndöo,douleurs prenatales
mäj¸ :,douter
÷íng¸,droit
sám :,"droit, tout"
kÅ¢ :,droite
ngàñg :,"dur, difficile : être"
ìi :,durer longtemps
màñ :,"eau, de l'eau"
tá£ :,éclabousser; sautiller
ndüu :,éclater; vacarme
ngôy :,écorce
mò« :,écorce sec
dúd¸ :,écraser
tè£,écraser (le foudre)
ndàng,écrire
ndàm :,écureuil : esp. de e
ßûn,écureuil de Gambie
mbé£,échanger [qc] e
ìgÕ,"echapper, se"
kèd¸ :,éléphant
ù£ :,ever; nourrir
îg¸,pêcher; refuser
òm :,poisonner
nd¸mä,prunter; prêter
gòg‡ :,arrière
sét‡ :,vain
tîû :,"core, plus"
lòo,"droit, lieu; temps"
ndòm,"enduire d'huile, oindre"
ngön :,enfant
òjÕ,"enfanter, accoucher"
sür,enfiler
tíï :,"enfler, s'enfler, gonfler"
süu :,enfumer [qc]
léw,engoulevent
tëg‡ :,enlever avec les mains
î®,"enlever, retirer"
màd¸-b¼º,ennemi
ßì®,enrouler
ßìnd¸,enrouler
n¼º-t‡,ensemble
nàä :,ensemble : réciprocité
ndú£,entasser
òö :,"entendre, écouter e"
dùb¸ :,"enterrer, semer"
güg¸ :,entourer
mbÕnä :,"entre, parmi é"
gÕlä :,entrejambe é
bár :,entrejambe
ànd¸ :,entrer
dülö,"envelopper, emballer é"
mä•,vie de
là,voyer
ndè® :,ais : être
ßîw :,ais (liquide) : être
t¬¿,"arpiller, écarter"
bûg¸,aule
k‡-sòlï :,ervier
kí£ :,ilepsie
kûn :,Français
t¸gä :,"épuiser. finir, achever"
làpÕ :,escargot
ßè® :,esclave
dùl :,esp. d'antilope
bürö,espace entre [qc]
rüngö,"esquiver, s'esquiver"
tü©,"essorer, tordre"
bî®,essuyer
hö,"et, aussi"
nà :,"et, mais"
nàjÕ :,"étaler, étendre (au soleil)"
k‡-dìsé :,éternuement
ndûû,étinceler
k‡-mþõ,étoile
ì :,être
÷à :,être debout
ndóö :,étudier; aprendre f
göng :,éviter f
k¡¿,excrément f
bÕrà-kîsÕ :,expert cultivateur f
sùrò,fabriquer en tournant
kïr :,fagot
ßöo,faim
÷äa :,faire
ndàÛ :,ire griller à sec
géÛ,ire le pique-assiette
töo,"ire mal, faire souffrir"
hïlë :,ire rites
ndùj¸ :,rine
kîr :,tigue
îr :,tigué : être
ngòròng,ucille
dèë-k‡-dŸÏ :,femme
nþÏ :,"femme, épouse"
gäj¸ :,fendre
njàr :,"fendre, couper"
rïyä :,fendre; déchirer
käy :,fendre; diviser; partager
gìnd¸ :,fer
ùt¸,Langues Sara
gír,fesses
hòr :,feu
bánd‡,filet
ngön :,"fils, fille"
ndèë :,filtrer
b¼y :,fille initiée
ndùlö :,flétrir : se f
hút¸ :,fleur; fleurir
bäa :,fleuve f
n¦¾ :,"flotter, couler"
nàl :,flûte
wùr,foie
m‡ró :,foin (pour les animaux)
njà :,fois f
yŸþ :,fondre
tôg‡ :,rce
kùu :,rêt
òo :,rger
kîd¸ :,rgeron
òng,"rt : être (boisson, magie)"
ndïyö :,uiller
nd¸yë,uiller
bàjÕ :,urche d'arbre
gàjÕ :,Français
t‡pá,"fourmi, grande : esp."
tú®,"fourmi, petite noire : esp."
k‡-tìtè,"fourmi, petite noire : esp."
tƒyº,fourmi rouge : esp. de
tòÿ :,"fourmi, rouge : esp."
bär :,fourmilier
häw :,fourreau
ngèë :,fourreau
hïl,foyer
sî£ :,Langues Sara
mböl :,frais; mouillé : être
sŸõ,fréquement
ngön-kÇ¢,"frère, soeur"
kül,froid
nÅ :,front
ùsÕ :,frotter
ànd¸ :,fructifier
kànd¸ :,fruit
yòÛ :,fruit de karité
ngór g,fruit pas mur
¼ÿ,"fuir, s'enfuir"
sàa,fumée
ngàw :,"furoncle, bouton au visage"
köó :,future vie; au-delà
bÕràng :,galago : esp. de
ngôk¸,"gale, la"
ngöm :,garder [troupeau]
gèl,gauche
tÅç :,mir
dà-yìdè :,ncives
täg¸ :,nette
gòjÕ :,nou
kòl :,rafe
bé£ :,aner
n‡má :,mbo
sünjür,ndoler : se
gà£ :,"gourde, esp. de"
gîl,gourdin
m‡rª,goût
nº½,goûter
kÕtä-tûû :,grâce à
gÅ¢,"graillon, flegme"
köo,"grain, germes"
yàm :,graisseux : être
bòo :,Langues Sara
ngà-tôg‡,grand-frère
tîgÕ :,grandir
kàa :,grandparent
ùy :,gratter
kûs¸ :,grêle
dàm,grenier
gÕmbà :,grenouille : esp. de
k‡-m¦r-jï :,griffes
ndàng,gronder h
bòo :,gros : être
däng,grue couronnée
yët¸ :,guêpe jaune : esp. de
gÕmbä :,guêpe maçonne
bìrb¡,guêpe noire : esp. de
àjÕ h,guérir; sauver
tôy :,"guetter, traquer h"
tóm,"gui, plante parasite"
k¸ngä :,che
kùÿ,meçon
dàw :,"ngar (pour l'ombre, etc.)"
mùnjò,ricot
dÅÇ :,"ut, en haut"
häyä,rbe : esp de
tàm :,rbe : esp. de
"t¸rö,türö",herbe mauvaise : esp. de
m“¾ :,"herbe, paille; brousse"
ndúr :,hérisson
ndÕbä,héritage
ngónj‡ :,hernie
köó :,héron garde-boeufs
kîÿ :,hibou
tàg‡-bè,Langues Sara
yàbÕ :,hippopotame
kîsÕ :,houe
yùb¸ :,huile
jï-jöó,huit
ßòñg :,hyène
làä i,ici
ßòdÕ :,idiot
ngú£ :,igname
ngàrwày,iguane
µ- :,"il, elle"
ndáj¸ :,imiter j
s¸lä,j
÷Õlè :,cliner (pour verser)
söl :,quiété : être
kù® :,secte
ngôlû :,secte : cantharide
táj¸ :,sulter
tìï :,testins
kúñ,viter
n¡¿,lousie entre femmes;
ndör :,loux de : être
bát‡ :,mais
jóo,"jarre, canari"
«- :,je
rö-nè£,"joie, félicité"
mbóo,joue
÷òng :,jouer
ndûû,"jour, journée"
ndìngä :,"jumeaux, jumelles"
mbª½ :,jusque
g‡lá :,kyste
ngàmö :,"la grippe, la rhume"
nòó :,là-bas
nø¾ :,là-bas (loin)
y¼ :,laisser
mbàa :,lait
hàng :,lamantin; esprit de l'eau
ùr :,lancer un projectile sur
lä :,"lancer, jeter l"
ndÅ¢ :,langue l
tàa,"langue, langage"
tát‡ :,large : être
làa,large : être
möm,large : être (chemin)
t‡gó :,laver
-á,"le, la, lui (obj. de verbe)"
töÑ,cher
bänj¸ :,pre
k‡-÷á,quel
-dé,"s, leur"
ndä©-tà :,vre
d¡¿ :,ane
yº© :,ane : esp. de
kíyä,ane : esp. de
"dúndö,bíndï",Français
dîgÕ-dîg¸m :,lièvre
tùbò,lion
sèr :,liquide de la bouillie
t¸rá :,"lit, lit de boit"
sªy :,loin
k‡-ngä-s¡¿-sèlì,"lombric, ver de terre"
ngäl :,long : être
hít¸ :,Langues Sara
îÿ :,lourd : être
k‡-ndûû-mbél,luciole
ndúlö :,luire; briller
nº½ :,lune
mÕlà :,lutte
÷ûû :,"lutter, se battre; guerre"
bàrkà :,machette
njº½ :,magouste à queue blanche m
yäm :,maigre : être
jï :,main
tä :,maintenant
k‡-mbéré :,kÆrí
kúj‡ :,maison
mÅy :,maladie
mòtÕ :,ladie; infirmité
lôÿ :,laxer (boue pour briques)
dìngá :,le
kül :,nche
sà :,nger
m¦© :,nger (qc farineux)
Å¢ :,nger (qc mou)
ngàrì,nioc
kÉ-göng,mante religieuse
súk¸ :,marché
ndïyä,"marcher, se promener"
kàar,"marécage, étang"
k‡-bîô,margouillat
ngàw :,mari
bày :,Langues Sara
wà,marqueur d'interrogation
kûô :,marqueur de débarrassement
à :,marqueur du futur
-g¸ :,marqueur du pluriel : nom
-ñ,marqueur du pluriel : verbe
t‡ :,marqueur locatif
kÕ-sƒ¿ :,matin. de bon matin
ßà® :,maudire
màjà• :,mauvais : être
-«,me (obj. de verbe)
k¬¿ :,médicament
wàs¸ :,melon
kÕ-k‡rä :,même
bògÕ :,menton
kÇ¢ :,mère m
mbûj¸,mesurer
îs¸,ttre en rang
nà«,ttre les os ensemble
tèjì :,el
só-t‡ :,"eux, être mieux"
yª½-köo :,l (mot général)
tºy :,l pénicillaire
jòr :,l sauvage
wàä :,"l, esp. de."
düb‡,Français
k‡-kùlï,mille-pattes
mbàtÕ :,"mince, svelte : être"
ßä,modeler
m¬,moi (forme indépendant)
sôl,mollet
-»,"mon, ma (oblique)"
à£ :,monter
dïí,Langues Sara
tûj¸,montrer
îjÕ,"montrer, expliquer"
dÅ¢,mordre
kòy,mort
yòo :,mort; sorcerie
bìï,mortier
kóñg :,mouche
mbàa :,mouche tsé-tsé n
yöm :,mouillé : être
òy,mourir
húlù» :,mousse
yí£ n,moustique
bàt¸ :,mouton
mbùjÕ :,mûr : être
gòtóo :,n'exister pas
àl,ger
pá£ :,tte : sorte de
túwä :,tte : sorte de
òt‡ :,faut pas
jï-k‡rä,uf (9)
kôn,z
mäj¸ :,er
ngùm :,eud
ìl :,noir : être
÷ûý :,noix de karité
górö :,noix kola
tûû,nom
kûr :,nombre
"bàa, bÕla :","nombreux, être"
kúm,nombril
yª½-k‡-sà :,Langues Sara
kÕ-,nous (nom.)
j- :,nous (nom.)
-jÕ :,nous (obj. de verbe)
-j‡ :,"nous (oblique); notre, nos"
kìjÕ :,"nouveau, neuf"
hòÿ :,nouvelles
güm :,noyau
ì£ :,"nuageux, noir : être"
"düu,dïw","nuit, sombre : être"
gö,nuque o
s‡wé :,odeur nauséabond
kùm,oeil
kàw :,oeufs
ndíjä :,oignon sauvage : esp. de
yè£ :,o
jú«,oiseau : drongo
ndíl :,ombre; esprit
nän :,oncle maternel
kÕlá-gìdÕ-k‡-k‡rä,Kul=dîgî-jî-hàré
mbï :,eille
k¸ngä,phelin
yír,eille
÷á :,Français
wäl :,ourébi
gÆrè :,outil pour graver
tàgÕ :,ouvert
tèë :,ouvrir
háy,pagaie
nël :,pagayer
mápà :,pain
màrì-mángª,pangolin
kò® :,panier (pour pêcher)
jáñg :,"panier, sorte de"
njälä :,pantalons
kàgÕ :,panthère
mbëtë,papier; livre
k‡-bà-bél,papillon
kÕtû-kàd¸ :,parce que
tït¸ :,pareil : être
nöj¸ :,"parents, famille"
ngŸõ :,paresse
tàa p,parole
kºy :,partager
tîÿ :,partir
à• p,"pas, ne ... pas"
tùlò :,passer sur le feu
bängàw :,patate douce
dàa-jï :,ume
ndòö :,uvreté
"bä,gä :",yer
ng¸rä :,au
ndä© :,"au, cuir"
náw :,cheur
ng¬yº,peler
ùñ :,pénétrer dans l'eau
bär :,pénis
kòñg :,perche pour cueillir
kèrè :,perdrix
bîû :,père
mèdÕ :,perles
dèë :,personne
ndòý,personne avec le même nom
düú :,petit : être
sƒ¿ :,"peu, un peu"
bò®,phacochère
njà :,"pied, jambe"
güm :,piège
wòr :,pièrre de divination
dér,"pigeon, tourterelle"
ùr :,piler
sòö :,piler (pour enlever le son)
gòy,pilon
sìtä :,piment
ùgÕ,"pincer, gratter"
tànjÕ :,pintade
tò© :,pipe
îsÕ,piquer
túg¸,piquer
tòo,pirogue
k‡lá :,"ace de, traces de"
kîw :,acenta
dòo,"aie, blessure"
nè£,aire
bàr :,"anche, bois plat"
nç¢ :,eurer
"síï,sík¸,sƒ¬ :",eurer à sanglots
ndïi :,uie
bè£,plume
bädï-küb¸ :,poche
b¡¬ :,poil
wú£-sà® :,pois de terre
wöng :,poison
känj¸,poisson
kèsèng :,poisson : capitaine
wìyà,poisson : esp. de
tìw :,poisson : esp. de
wúd‡ :,poisson : esp. de
dö•,poisson : esp. de
gø¾ :,poitrine
mbîr :,pomme cannelle
jòr-kôô,pomme d'Adam
ndáa,pont
y¸wä :,porc-épic
tà-÷ób‡,porte
tö :,porter
Åç p,porter (des habit)
là :,porter [habits]
ndä,poser à plat p
nd¸nä,"poser, incliner contre p"
÷Õrà,poteau tri fourchu
ngísä :,pou
kïnjá,poulet p
kÕ,ur que
kÕ-ndäÑg,ur rien
kÕtû :,ur; à cause de
kÕtû-÷í,urquoi
ndùm :,urri : être
ßà,usser
sîôbürü :,ussière
búu :,ussière
dàsá,"premier, d'abord"
tàä,prendre
ùn :,prendre
òo :,préparer la bouillie
sà :,presser avec doigts
ìrè,"presser, forcer"
t¸nä :,"prêter, emprunter"
gät¸ :,prix
tàa :,problème
ngîr :,proche
òo,"profond, être"
ßül :,profondeur
mbä :,proposer
ngè :,propriétaire
kíyë,propriétaire
îdî/îdë :,puiser
÷èe :,puits
tƒyº-ßûr :,punaise des lits
ßïi,pus
mòm :,python
lòo-Ñ,quand
÷íngáyt‡,quand?
sôô :,quatre
kàd¸ :,"que, pour que"
hª :,"que, qui"
Ñ :,"e, qui, ce que, ce qui"
÷í :,"e, quoi"
kîî :,"émander, solliciter (don)"
ßòng :,eue
k‡ :,"i, que"
nªº,i?
ngÕrà :,cines
îy :,"ramasser, prendre"
àgÕ :,ramper (un enfant)
àl,ramper (une plante)
b¼º,rancune
ngìs¸ :,"raser, se"
yïngá,rasoir
ndän :,"rassasié, être"
káÛ,Langues Sara
láñg,rat : esp. de
nì» :,rat : esp. de
njòý,rat : esp. de
yég¸ :,"rat, souris"
nà£,rater; manquer
näg‡ :,rattraper
mbà® :,rayon de miel
mbáj¸,redresser
ndáj¸,redresser
gäa :,réfléchir
lïyä,refroidir r
mbët‡,refuser r
÷òsÕ :,remplir
"kürö,k¸rö :",remuer
pée,remuer r
ndîd¸,rencontrer r
"tüwä,t¸ßä :",renvoyer; chasser
òtÕ,répandre une odeur
sút‡,pas sans sauce
ndìgÕ :,pondre
bìs¸ :,sidu
kòö,spiration; repos; souffle
nd‡gá :,ste
n¼y :,ster
séë :,tailler
ndó£ :,"veiller, se réveiller"
tél :,Français
n¬¿,rêver; rêve
bàñ,rhinocéros
käg¸ :,rhumatisme
kàrï,rien; vide; normale
sùk¸ :,rincer
gö :,rire
jàng :,rival
màr :,rônier
tàl,rosée
gìjè :,"roter, éructer"
kÕrë,rouge : être
÷ób‡ :,"route, chemin"
rúbö :,ruche
ngîî :,rugueux : être
náñg :,sable
ngá®,sable
ßôl :,sac
gàgÕ s,sagaie : sorte de
nìngà :,"sagaie, lance"
hî,"saisir, prendre"
ßàr,saison pluvieuse
ßäl :,saison seche
yüró :,leté
hör,"live, crachat"
säk¸rä,ndale
mós‡ :,ng
k‡-tänd¸ :,ngsue
kànj‡ :,ns
tª½ :,Français
bàl :,saut
k‡-däa,sauterelle
gè® :,"savoir, connaître"
ndÅr¡ :,scolopendre
"g‡ná,g‡nª :",scorpion
tùtÕ :,sec : être
àÿ,sec : être (en surface)
ndòg¸,Langues Sara
"yéë, yék¸",secouer
mbàa,sein
kàt¸ :,sel
jíngá :,semoule
gäng :,separer
tènÕ-mÕtá :,sept
nàj¸,"serment; honneur, justice s"
lïi :,serpent
ndùbÕ,"serpent, esp. de"
nÕmä s,serrer
kór s,sésame
kÕ-k‡rä-µ,"seul, tout seul"
kòo-Ñ :,seulement
tïw,sève; glu
ké :,si
töw,fflet
ndè£ :,lure : esp. de
enlevent,lure : esp. de
ßèt¸ :,nge
ìbÕ :,roter
k‡-bòy-dèt‡,x
kÕndä :,if
lò-k‡-sî£-é,ir
kàdÕ :,soleil
kàl :,solitude
tìl,"sombre, nuit"
táñ :,somnoler
"bÕnä,bÕnº",son de mil
-á :,"son, sa"
kÕmä,sorcier
gîjÕ :,sorgho
tèë,sortir
gïg¸ :,souche
mbóo :,sourd-muet
gír,"sous, dessous"
gè®,spatule en bois
kùjÕ :,stérilité
njúü :,sucer
nïÑg :,sucer
ìl :,sucer (enfant)
yïk¸ :,sucré : être t
tùtö :,sueur; suer
ndúlö,suivre
dî :,"sur, dans t"
"máng, lîw :",tabac
mbätä,tabouret t
lát¸,"cher,enduire (d'huile)"
tôl,iller; affûter
gíd‡ :,lon
màs¸ :,marinier
kîdÕ :,mbour
dàlì,mbour à deux faces
gáng :,"mbour, grand"
"tèmë,tŸmþ :",mis
yàtÕ,tamis : sorte de
sàñ,tamis : sorte de
s¸kä :,tamiser
sïyä :,tamiser
b¼® :,tante paternelle
ndër :,tapioca blanc
ìï,tarir
düu,tas
-ï :,te (acc. s.)
ngÕrà :,Langues Sara
kóo-dòngÕr :,termite : esp. de
wº½ :,termite ailé
yç¢ :,termite blanc
nàng :,"terre, sol"
dà-nàng :,terre; territoire
ndîm :,testicules
dî,tête
käs¸ :,tibia t
îû,tiède : être
kád‡ :,tige
mŸõ :,tique
ndô® :,tirer
dùndö,toile d'araignée
dà-ßád‡ :,tombe t
sö :,mber
t‡sö,mber (en groupe)
èdÕ :,mber (pluie)
ù® :,mber par terre
-í :,"n, ta; toi"
ngè£ :,rche de paille
÷ùgÕ :,rdre; être courbé
ndüy :,rdu : être
mŸõ,Français
bö• :,tortue : esp. de
îdÕ,toucher
kÕ-ndä-ndûû-g¸,"toujours, souvent"
nél-mä• :,tourbillon
ndür,"tourner, se"
bíï,"tournoyer, secouer"
túu-bè :,tous
kés¸ :,tousser
gòtÕ,trace de
mbúrö,traire; presser avec main
àtÕ :,tranchant : être
kÕlà :,travail
dër,traverser
dër :,"traverser, passer"
"ndèw,èw :",trembler
yïl :,tremper
dî-mÕtá,trente
hét¸ :,tresser t
jö,tresser (le secco)
mÕtá :,trois
bàtÕ,trompe (éléphant)
ßëe :,trou
bÕlò :,trou
ndörï,ou dans termitière
mbùtÕ,"ouer; percé, être"
ngà,ouver
ßàä :,ouver par terre
ï-,; vous
tûl :,er
kÕngä,teurs
k‡rä :,Français
kéd‡-màñ :,urine
kàyà :,vagabondage
mùdÕ :,vagin
kèë :,"van, panier pour vanner"
ngòm :,"vanter, se"
künd‡ :,vapeur
bür :,varan
÷áb¸ :,vendre
÷èë :,venir
ßày :,venir de; se lever
nél,vent
kàm,ventre
mîtÕ :,"verge, pénis"
ndüs¸ :,vermoulu : être
k¸ :,vers v
mbé£ :,verser v
“¦ :,verser
ndès¸ :,verser en laissant residues
ndùs¸,verser pour décanter
küb¸ :,vêtement
dº½ :,viande
b‡gá :,vieillard
b‡lá,eux
ßëe,llage
dî-jöó :,ngt
gÅç :,siter
ndîl :,"squeux, gluante"
ndéré,te
òö :,ir
màd¸-ßëe,Kul=ní-dàrü
ndï,voix
ßògÕ :,voler
töm,vomir
gèe :,vouloir
-sÕ :,ü vous (acc.)
-s‡ :,vous (oblique); votre
mbäa :,"voyage; hôte, invité"
ndï• :,"youyou, faire"
këndí :,zorille
gót‡ :,absence
dän,accompany
ìbÕ,activate (fire)
jòr-kôô,adam's apple
gö,"after, behind"
köó :,afterlife
nÅ :,ahead of
árgè :,alcoholic drink
kÕ-k‡rä-µ,Sara Languages
wòy :,already
kÕ-ndä-ndûû-g¸,"always, often"
túu-bè :,all
mbÕnä :,among
hö,and
nà :,"and, but"
wöng :,anger
dº½,animal a
kù®-kôô-njà,ankle a
mbër :,"announcement, public"
ndìgÕ :,"answer, reply : to"
tƒyº,ant : red
tú® a,ant : small black
k‡-tìtè a,ant : small black
tòÿ :,ant : small red
t‡pá,t : type of
bär :,teater : type of
màrì-mángª,teater : type of
pàn :,telope : duiker
dùl :,telope : duiker
wäl :,telope : oribi
nàs¸ :,telope : roan
dùd¸,telope : Tragelaphus oryx
kày :,telope : type of
jÕngä,arbuste [Sesbannia pachyc
nàj¸ :,argue about : to
kûl,argue with : to
màsôl :,armpit
tèë,arrive : to
gös¸ :,"artist, expert"
búu :,ash
ndìjè :,ask : to
káÛ,assemble : to
b¼® :,aunt (paternal)
göng :,avoid
kûô :,"away,off"
k¸ngä :,axe
màdÕ :,baboon
gìdÕ :,back
gòg‡ :,backwards b
bÕwà,bachelor b
màjà• :,bad : to be
ßôl :,bag
yá® :,balance : to
ngîî :,bald : to be
m‡ró :,bale of grass
ngôy :,bark (of tree)
mò« :,"rk (of tree), dry"
jáñg :,sket : large
kèë :,sket (for winnowing)
döw :,t : type of
ngîkÕr :,t : type of
ndòg¸ :,the : to
ì :,: to
tït¸ :,English –
mèdÕ :,beads
mùnjò,beans
ànd¸ :,bear fruit : to
mbäý :,beard
kÕtû-kàd¸ :,because
kÕtû :,because of
t¸rá :,bed
tƒyº-ßûr :,bedbug
tèjÕ :,bee; honey
rúbö :,beehive
bí£-bìl :,beer : millet
yïb¸ :,beer : type of
b¡y¼ :,ò bees (live in ground)
ngôlû :,beetle : blister beetle b
kété :,before
tà :,before
kîî :,beg for : to
gìdÕ :,behind
kúm,belly button
bÕndä :,bend : to
só-t‡ :,b
bòo :,g : to be
yè£ :,rd
jú«,rd : type of
dÅ¢,te : to
àt¸,tter : to be
ìdè,"tter, acidic : to be"
ìl :,ack : to be
kîd¸ :,acksmith
ngè-kùm-tûû,blind person
mùndö,blind person (from birth)
hílë :,blister
mós‡ :,blood
bò®,boar
bàr :,board
ngòm :,boast : to
rö :,Sara Languages
lëg‡ :,boil : to
k¸ngä,bone
nd¸mä,borrow; lend : to
"nj‡ßä,táp¸ :",bother : to
kÕrº,bow and arrow
bày :,bowl : small clay
"bÕnä,bÕnº b",bran
mápà :,bread
tètÕ :,break : to
tûû,break : to
mbàa,breast
kòö,breath; rest
ndáa,bridge b
ùnj¸ :,bright : to be; to light
ndÕsä :,oom
sáj‡ :,other-in-law
ßà,"d, grow : to"
dîgÕ :,ffalo
Å¢ :,rn : to
îÛ,rn base of tree : to
tùlò :,rn hairs : to
gìjè :,rp
dùb¸ :,"bury, plant : to"
k‡-möng :,bush : type of
kám :,"bush, leaf"
tòw :,bushbuck
k‡-bà-bél,butterfly
gír,buttocks
rö :,"by, near"
sôl,calf
ndìng,calm
kô®,call : to
kúñ,"call, name : to"
sò• :,calluses
jámbàl :,camel
ndùy :,capsize : to
jäm :,"caracal,desert lynx"
tö :,carry : to
ngàrì,cassava
bàtú :,cat
gáÛ :,catch (in air) : to c
hî c,"catch, seize : to"
tàÛ :,caterpillar : hairless
njúwá :,caterpillar : hairy
ndè£ :,catfish : type of c
enlevent,c
ndÅr¡ :,centipede
gïjä :,"civet, african"
k‡-m¦r-jï :,aws
hánj‡ :,ay : black
ndÕbà :,ay : red
à®,"ear, clean : to be"
njô®,icking noise
à£ :,"imb, go up : to"
ngïr,itoris
ùt¸,ose : to
sám :,closely
küb¸ :,clothes
gîl,club
yäl :,coals of fire
kül,cold
ngàmö :,"cold, flu"
k‡rá :,color; lines; designs
÷èë :,come : to
èdÕ :,come down : to
ßày :,come from; get up : to
"dùs¸,ndètÕ",concern : to
hít¸ :,"congratulate, praise : to"
gó£,console; rock : to
ndïr,cook : to
kú£ :,cook sauce : to
èd¸,cooked enough : to be
sî£ :,cool : to be c
lïyä,cool (by swishing) : to c
bÕlà :,"coop, pen"
k‡-mbéré :,kÆrí
nïÑ,corpse
bù• :,cotton
kés¸ :,cough : to
îj¸ :,unsel : to
t‡dá :,unt : to
m“¾ :,untryside
t‡ßö,ver : granary
ndïngä/ndïngë,vet : to
màñg,w : cattle
däng,ane
mä•,aving for
àgÕ :,crawl
màr :,crocodile
dër :,cross : to
dër,cross : to
bár :,crotch
gÕlä :,crotch; space between leg
kág¼ª,crow
ßä,"crowd, crowd about : to"
dúd¸ :,Sara Languages
kòs‡ :,cucumber
àjÕ,cure : to
ßà® :,curse : to
séë :,cut
jà,cut : to
t‡jä,cut up (several things)
dòo,"cut, sore"
g‡lá :,"cyst, external cyst"
tÕsá :,"chaff, husk"
k‡-lºy :,chameleon
rùtö :,char : to
kúl,charcoal
sôk¸ :,chase out
ndà£,chat at night : to c
mbóo c,cheek
gø¾ :,chest
ngòr :,chew noisily : to
kïnjá,icken
ngä± :,ief
ngön :,ild
ndöo,ildbirth
bògÕ :,"in, jaw"
mbéd¸,oose : to
gà,chop : to
jág¸,chop up
ndöm,dance
"düu,dïw",dark : to be
ì£ :,"dark, cloudy : to be"
tìl,dark; invisibleness
ndûû,day
mbóo :,deaf-mute
kòy,death
yòo :,death; magic
g¸rä :,debt
òo,deep : to be
ßül :,deepness
mäj¸ :,deny : to
÷ìsÕ :,descend : to
"núj‡,túj‡","destroy, ruin : to"
tàl d,dew
ndèñg,diarrhea : to have
òy,die : to
÷àng,different
ùr :,dig : to
yüró :,dirtiness
lüwö :,distribute : to
kºy :,vide among : to
÷äa :,: to
bís‡ :,g
òt‡ :,n't (negative command)
kòrö,nkey
tà-÷ób‡,or
mäj¸ :,ubt : to
dér,"dove, pigeon"
bè©,"down, downwards"
táñ :,doze off : to
"dúndö,bíndï",dragonfly
n¬¿,dream
¼ÿ,drink : to
kàsÕ,drink (alcoholic)
yú« :,drizzle : to
kîdÕ :,Sara Languages
gáng :,drum : type of
dàlì,drum : type of
tùtÕ :,dry : to be
àÿ,dry : to be
ìï,"dry : up, to"
sút‡,dry food
nàjÕ :,dry in the sun : to
ßäl :,dry season
ndäb‡ :,duck
rüngö,duck : to
k‡-b¡ƒ,dung beetle
sîôbürü :,dust
búu :,dust
mbï :,ear
k‡-ngä-s¡¿-sèlì,earthworm
sà :,t : to
Å¢ :,t (boule) : to
m¦© :,t (powder) : to
tüm :,l
kàw :,g
njòr :,gplant
köó :,ret
jï-jöó,ght
kíl,elbow
kèd¸ :,elephant
kÕlá-gìdÕ-k‡-k‡rä,Kul=dîgî-jî-hàré
güg¸ :,"encircle, go around : to"
màd¸-b¼º,enemy
àsÕ :,Sara Languages
ànd¸ :,enter
kí£ :,epilepsy
ìgÕ,escape : to
lò-k‡-sî£-é,evening
k¡¿,excrement
mbé£,exchange : to
ndüu :,explode : to
kùm,eye
t‡sö,fall : repeatedly f
sö :,fall : to
ù® :,fall to the ground : to
gáw,fallow field
ìbÕ :,fan : to
sªy :,faraway
ndîû :,"farm, plant : to"
bÕrà-kîsÕ :,"farmer, master"
bòo :,fat : to be f
bîû :,ther
kîr :,tigue
ßö•,ar; to fear
bè£,ather
gòng :,ncing
îdî/îdë :,tch [water] : to
kûr :,eld
÷ûû :,ght : to
ndèë :,filter : to
yàtÕ,filter : type of
sàñ,filter : type of
yèr,filth
÷òsÕ :,fill : to
ngà,find : to
ßàä :,find on ground : to
k‡-ngön-jï :,finger
t¸gä :,finished : to be
hòr :,fire
k‡-ndûû-mbél,firefly
kïr :,firewood
dàsá,first
tºª :,first
dè® :,firstborn child f
känj¸,fish f
kèsèng :,fish : Lates niloticus
wìyà,fish : type of
tìw :,fish : type of f
wúd‡ :,fish : type of
dö•,fish : type of f
kò® :,fish net : type of
náw :,fisherman
kùÿ,shhook
mƒ¿ :,ve
tè£,ash (lightning) : to
ngísä :,ea
¼ÿ,ee : to
n¦¾ :,"oat, flow : to"
ndùj¸ :,our
hút¸ :,flower : to
nàl :,flute
kóñg :,fly
húlù» :,foam
bùú :,fog
ndúlö,follow
yª½-k‡-sà :,food
mbù® :,food (main dish for Saras
njà :,"foot, leg"
kÕtä-tûû :,for
nÅ :,forehead
kùu :,forest
òo :,forge : to
bàjÕ :,fork of tree
gàjÕ :,forked : to be
sôô :,four
sŸõ,frequently g
mböl :,"fresh, wet : to be"
näm :,friend g
màd¸-k‡rá :,friend g
gÕmbà :,frog : type of
kànd¸ :,fruit
yòÛ :,fruit : karite tree
ndän :,full : to be
bÕràng :,galago : type of
bürö g,gap
îy :,ther : to
täg¸ :,net
kòl :,raffe
b¼y :,rl being initiated
àd¸ :,ve
òjÕ,ve birth to : to
ßûû,ve to [s.o.] to hold : to
bé£ :,ean : to
tƒyª :,English –
àÛ :,go : to
ùdÕ :,go down; enter : to
tèë,go out : to
b¬yº :,goat
bàl,"goat, billygoat"
Lúwä :,God; Luwa (brother of Su)
màjÕ :,good : to be
ngó,gourd
küu :,gourd : type of
gà£ :,gourd : type of
jènï,gourd used as spoon
jíngá :,grain : crushed
dàm,granary
kàa :,grandparent
tàm :,grass : type of g
häyä,grass : type of
ndòg¸,grass fencing
m“¾ :,"grass, straw g"
k‡-däa,grasshopper
k‡-bèt‡,grasshopper : type of
yàm :,greasy : to be
ndàÛ :,grill : to
dà-nàng :,ound
nàng :,"ound, earth"
wú£-sà® :,oundnuts
àl,ow on ground (plants) : to
tîgÕ :,"ow up, get big : to"
ßà,"ow, stuff into, step on :"
tànjÕ :,guinea fowl
ndîl :,"gummy, slimy : to be"
dà-yìdè :,gums
kûs¸ :,hail
bìs¸-dî :,hair
b¡¬ :,"hair, body hair"
jï :,hand
kül :,handle (of tool)
bàsá,handsome : to be
rö-nè£,"happiness, joy"
ngàñg :,"hard, difficult : to be"
dîgÕ-dîg¸m :,hare
kìndè :,harp
b¼º,"hatred, rancor"
ndèë :,have food prepared : to
sò® :,have sex with : to
µ- :,"he, she"
dî,head
ngòö,head cloth
òö :,hear : to
k‡-ngön-bïr,heart
hïl,hearthstone
îÿ :,heavy h
ndúr :,dgehog
gíd‡ :,el
ngöm :,rd : to
làä,re
ngónj‡ :,rnia
yír,biscus
déw :,de : to
ng¸rä :,English –
yä,hide; set a trap : to
-á,"him, her"
yàbÕ :,hippopotamus
-á :,"his, her"
ndà :,hit : to
kîsÕ :,hoe
ßëe :,Sara Languages
bÕlò :,hole
tèjì :,honey
mbà® :,honeycomb
ndüb¸ :,honor : to
gàjÕ :,horn : animal
síndá,horse
tíngä :,hot : to be
sìtä :,hot pepper h
kúj‡ :,house
b¼ý :,how much
b¼ý :,how?
"gÕnà,gÕn¼ :",hunch (on back)
ßúu :,hundred
ßöo,hunger
kôl :,nting; gods of hunting
töo,rt : to
ngàw :,sband
«- :,ena
ké :,iot
bür :,iguana
ndáj¸ :,imitate : to
kàm :,in
kÕ,"in order to, to"
márí :,in the past
sét‡ :,in vain
s‡lé :,incisor teeth
s¸lä,incite
àg¸ :,increase volume : to
ndÕbä,inheritance
mòtÕ :,injury
kù® :,insect
kó-tŸÏ,insect : bee-like
tït‡ :,inside
màý,inside out
táj¸ :,insult : to
tìï :,intestines
kúñ,invite : to k
gìnd¸ :,"iron, metal"
ndÅç :,"itch, to; to be itchy"
tà£ :,jackal
ndör :,jealous of
n¡¿ k,jealousy between co-wives
bàl :,jump
nàj¸,justice k
k¬yº :,karite tree
tûl :,ll : to
ngöo :,ndling : firewood
gàr :,tchen
k‡-sòlï :,te (type of bird)
gòjÕ :,ee
kìyä :,ife
m¡yº :,ife : throwing
ngùm :,ot
gè® :,English –
jà£,kob : type of
górö :,kola nut
tàa,language; speech
ìi :,last a long time : to
÷út‡,last born child
kàlèë :,last year
gö :,laugh : to
ngŸõ :,Sara Languages
nd¸nä,lean : to
÷Õlè :,lean (to pour)
tîÿ :,leave : to
y¼ :,leave [s.t.] : to
k‡-tänd¸ :,leech
gèl,left side
t¸nä :,"lend, borrow : to"
kàgÕ :,leopard
bänj¸ :,leprosy
töÑ,lick : to
tò,lie down : to
"bè, bèé :",like so; only
tùbò,lion l
ndä©-tà :,lips
sƒ¿ :,"little, a"
wùr,liver
k‡-bîô,lizard : type of
ngàrwày,zard : type of
t‡ :,cative marker
ngî,"g, dead tree trunk"
ngäl :,ng : to be
sáñg :,ok for : to
yôk¸ :,ose : to be
tár :,ve : to
dün,lower back; kidney
bàrkà :,machete
kìdè :,maggot
òo :,make porridge : to
Å¢ :,make smooth : to
dìngá :,male
ndòo :,male initiation
wòl :,mane
lÕbò :,marabou stork
súk¸ :,Sara Languages
pá£ :,mat : type of
túwä :,mat : type of
m¬,me (independent form)
-»,me (obj. of prep.)
-«,me (obj. of verb)
îjÕ,measure : to
mbûj¸,measure : to
dº½ :,meat
k¬¿ :,medicine
ndîd¸,meet
yŸþ :,melt : to m
dàn :,middle m
mbàa :,milk
yª½-köo :,millet
tºy :,millet : type of
wàä :,millet : type of
jòr :,"llet, wild"
k‡-kùlï,llipede
nà£,"ss, to; to be missing"
lôÿ :,x mud : to
tÅç :,an : to
nàr,ney
njº½ :,ngoose : type of
ßèt¸ :,nkey
géÛ,mooch : to
nº½ :,moon
tîû :,"more, again"
kÕ-sƒ¿ :,morning
bìï,mortar
yí£,mosquito
kÇ¢ :,mother
ndörï,mound : animal hole
dïí,Sara Languages
tà :,mouth
ndôt¸ :,move : to
ngªy :,"much, many, a lot"
bîr :,mud
ßèe :,mushroom
tûû,name
gö,nape
ngîr :,near
kôô :,neck; throat
líbÕr :,needle
màd¸-ßëe,Kul=ní-dàrü
bánd‡,net
bát‡ :,ver
kìjÕ :,w : to be
hòÿ :,ws
kàdÕ :,xt to
léw,ghtjar
jï-k‡rä,ne
káa :,ise
kôn,nose
à•,not
gòtóo :,not be any : to
kàrï,nothing; empty; normal
tä :,now
kûr :,number
"bàa, bÕla :",numerous : to be
÷ûý :,nut : karite tree
s‡wé :,odor : sickening
lò :,of
yùb¸ :,oil
n‡má :,okra
b‡gá :,old person
b‡lá,old person
ngà-tôg‡,older brother
dî :,"on, in"
k‡rä :,one o
nàä :,one another
ndíjä :,onion : wild
kòo-Ñ :,only o
tèë :,open : to
tàgÕ :,open : to be
tóm,oquid
hàl :,orphan
bülüm,trich
dáng,"her, another"
màd¸ :,her; friend
t‡gá :,"t, outside"
kîÿ :,l
ngè :,ner
kíyë,ner
háy,ddle
nël :,paddle : to
dàa-jï :,palm of hand
màr :,palm tree : Borassus sp.
gáÿ :,palm tree : dum
njälä :,pants
mbëtë,paper; book
mùm,parent-in-law
wà,particle : interrogative
-g¸ :,particle : plural marker
kèrè :,partridge
"bä,gä :",pay : to
"wú£,wú£-dùm",peanuts
ng¬yº,peel
tôl,peel : to
ùñ :,penetrate : to
mîtÕ :,penis
bär :,"penis, tip of"
hïlë :,perform rites
dèë :,person
ndòý,person with same name
gòy,pestle
gÅ¢,phlegm
düu,pile
túg¸,pinch : to
ùgÕ,pinch : to
tò© :,pipe : tobacco
tòo,pirogue
güm :,t of fruit
k‡lá :,"ace of, traces of"
lòo,ace; time
kîw :,acenta
÷òng :,ay : to
rètÕ :,uck single feather : to
-ñ,ural marker
bädï-küb¸ :,pocket
òm :,poison : to
kòñg :,pole for picking fruit
÷Õrà,pole with three prongs
kàar,pond or small lake
y¸wä :,porcupine
bíyä :,porridge
sèr :,"porridge, liquid of"
jóo,pot : clay
gù« :,pot for beer
sòö :,pound to remove shell : to
mbé£ :,pour : to
“¦ :,pour : to
ndùs¸,pour leaving residue : to
ndès¸ :,pour leaving residue : to
ndòö :,poverty
kÉ-göng :,praying mantis
nÕmä,press : to
sà :,press : together
màndÕ :,"pretty (girl, woman) : to be"
îg¸,"prevent, stop, refuse : to"
gät¸ :,price
tàa :,problem
kàyà :,promiscuity p
mbä :,propose : to p
ndô® :,pull : to
ßïngä,"pull up, tear up : to"
wàs¸ :,pumpkin
mbùtÕ,punctured
nd¸gö :,"rchase, buy : to"
ßïi,s
îs¸,t in a line : to
ndä,"t, place : to"
mòm :,thon
ndéré,ickly
ndïi :,rain
k‡-dös‡-b¸rä,rainbow
ßàr,rainy season
ù£ :,"raise, nourish : to"
láñg,rat : type of
nì» :,rat : type of
njòý,rat : type of
yég¸ :,"rat, mouse"
yïngá,Sara Languages
kÕrë,red : to be
gäa :,reflect : to
mbët‡,refuse : to
nöj¸ :,relatives
n¼y :,"remain, stay : to"
î®,remove : to
tëg‡ :,remove with hands : to
ßäng,request return of loan
bìs¸ :,residue r
nd‡gá :,"rest, remaining portion r"
gòtÕ r,"rest, traces of"
tél :,return : to
käg¸ :,rheumatism
bàñ,rhinoceros
sùngóo,riddle r
kÅ¢ :,"ght side, right"
nïngá :,"ng, bracelet"
sùk¸ :,nse : to
mbùjÕ :,pe : to be
jàng :,val
bäa :,ver
hàng :,ver monster
÷ób‡ :,"road, path"
k‡rª :,rooster
ngÕrà :,roots
kÕlä :,rope
ndùm :,rotten : to be
ngîî :,"rough, hard, raw : to be"
ndòm,rub oil : to
lát¸,rub oil : to
ngûd¸,running
näg‡ :,rush : to
hör,"saliva, spit"
kàt¸ :,salt
kÕ-k‡rä :,same
náñg :,sand
ngá®,sand
säk¸rä,sandals s
tïw s,sap; glue
tª½ :,sauce
èl :,say : to
àn :,"say that, to"
ngôk¸ s,scabies
ndïjá :,scars
t¬¿,scatter : to
"g‡ná,g‡nª :",scorpion
ùy :,ratch : to
ùsÕ :,rub : to
nd¸yë,arch : carefully for
ndïyö :,"arch : carefully for, to"
òö :,e : to
köo,ed of
÷áb¸ :,ll : to
"tüwä,t¸ßä :","nd : away, to"
là,send : to
gäng :,separate : to
kór,sesame
nà«,set (bones)
tènÕ-mÕtá :,seven
ù®,sew : to
ndíl :,shade; spirit
bíï,"shake : out, to"
"yéë, yék¸",shake : to
àtÕ :,sharp : to be
îl,sharpen : to
ngìs¸ :,shave : to
ngèë :,ó sheath
häw :,sheathe
bàt¸ :,sheep
kîl,shelter : field
ngôô,shell
dèr :,shield s
käs¸ :,shin
ndúlö :,shine : to s
säa,shoes
tá£ :,"shoot : out, to s"
gîjÕ :,short : to be
bûg¸,shoulder
köo :,"out, cry out : to"
tûj¸,ow : to
sünjür,rink
ndùlö :,rivel up : to
ngön-kÇ¢,bling
ngòròng,ckle
mÅy :,ckness
kàdÕ :,de
s¸kä :,sift (flour) : to
sïyä :,sift (flour) : to
"tèmë,tŸmþ :",sifter
hôr :,sister-in-law
ndì,sit : to
k‡-bòy-dèt‡,six
ndä© :,"skin, hide"
këndí :,skunk
dà-rº½ :,sky
ßè® :,slave
ßïi,sleep : to
mbàtÕ :,"slight, thin : to be"
jén :,slowly
düú :,small : to be
òtÕ,smell : to
sàa s,smoke s
süu :,smoke : to
làpÕ :,snail
lïi :,snake
ndùbÕ,snake : type of
när :,"snatch, struggle with: to"
k‡-dìsé :,sneeze
yïl :,soak : to
"síï,sík¸,sƒ¬ :",sob s
kàl :,litariness
ngön :,"n, daughter"
päa,ng
kÕmä,rcerer
gîjÕ :,rghum
màs¸ :,ur tasting : to be
ndûû,ark : to
gàgÕ,ear
nìngà :,English –
súu,spider
tïw :,"spit, to; saliva, spit"
njàr :,"split : be, to"
gäj¸ :,split : to
käy :,"split, divide, share : to"
rïyä :,"split, tear : to"
gè®,Sara Languages
rüwä :,squash : type of
gòwú®,squash : type of
ìrè,squeeze
mbúrö,squeeze liquid from : to
ßûn,squirrel : type of
ndàm :,squirrel : type of
ndú£,stack : to
kÕngä,stake
kád‡ :,stalk :
tôy :,stalk : to s
÷à :,stand : to
k‡-mþõ,star
ßògÕ :,steal s
künd‡ :,steam
kùjÕ :,sterile person
îsÕ,"stick : into, to"
làÛ,ick to : to
"kürö,k¸rö :",ir : to
pée,ir : to
kàm,omach
wòr :,one for fortune telling
mbà£,"one, pebble, mountain"
mbätä,ool
dÕbà :,op : to
súu :,"story, tale"
÷íng¸,straight
ndáj¸,straighten
mbáj¸,straighten : to
ngè£ :,straw (for torch)
tôg‡ :,strength
sür,string : to
ßál :,stripes
òng,strong : to be
dàw :,structure for drying grain
ndóö :,"study, learn, read : to"
gïg¸ :,stump
ßäd¸,stutter
ngàw :,"sty, growth next to eye"
ìl :,suck : to
nïÑg :,suck : to
njúü :,"suck, kiss : to"
kád‡,sugar cane
kàdÕ :,sun
gët¸ :,support : to
"dù«,tîÿ :",surpass : to
ùr :,swallow : to s
tùtö :,sweat; to sweat t
tà,sweep : to
yïk¸ :,eet : to be
bängàw :,eet potato
mbîr :,eetsop
tíï :,ell up : to
àl,im : to
ßòng :,il
tàä,ke : to
ùn :,take : to
màs¸ :,tamarind tree
ndër :,tapioca plant
m‡rª,taste
nº½,taste : to
nè£,taste good to (s.o.) : to
tï• :,tear : to
ngäng :,Sara Languages
kÕlá :,ten
ngÕrà :,tendons; gristle
îû,tepid : to be
kóo-dòngÕr :,termite : soldier
yç¢ :,termite : type of
wº½ :,termite : type of
ndîm :,testicles
"nò,nà :",that t
kàd¸ :,"that, so that"
k‡ :,"that, which, who, whom"
Ñ :,"that, which, who, whom"
-dé,them (acc. and obl.)
ànþ,"then, and then"
nø¾ :,there (far off)
nòó :,"there, over there"
ndè® :,ick : to be
ßîw :,ick (liquid) : to be
möm,"ick, broad : to be"
bìñg :,igh
yäm :,in : to be
yª½ :,ing
kÕndä :,irst
dî-mÕtá,thirty
"kònï-nŸþ,kònï-nèë",this year
yé :,"this, that (emphatic)"
kûn :,thorn
ngà® :,thorn bush
düb‡,thousand
mÕtá :,Sara Languages
lä :,throw : to
ùr :,throw at : to
ndàng,thunder : to
mŸõ :,tick
kítë :,tickle : to
dîû,tie : to
njà :,"time, occurrence"
îr :,tired : to be
ùr :,to pound (grain)
k¼®,toad
"máng, lîw :",tobacco
ßó-làä,today
n¼º-t‡,together
dà-ßád‡ :,tomb
lòo-tïi :,morrow
ndÅ¢ :,ngue
gÆrè :,ol for carving
ndür,ss head : to
îdÕ,uch : to
k¸ :,wards
güm :,ap
käg¸ :,ee
dïl :,tree : African mahogany
yïdä,tree : Anogeissus sp.
jänj¸,tree : Balanites sp.
bùtò-tàÛ,tree : Calotropis sp.
k¸rº :,tree : cotton tree
kó« :,tree : Diospyros sp.
kòw,tree : Ficus platyphylla
gúm,tree : Grewia venusta
mät¸ :,tree : Parkia africana
däa :,tree : Sterculia sp.
ßìtà :,tree : type of
m¦y :,tree : Vitex sp.
"ndèw,èw :",tremble : to
mbäa :,"trip; guest, host"
bàtÕ,trunk (elephant)
mbàa :,tsetse fly
mŸõ,"turtle, type of"
bö• :,"turtle, type of"
dî-jöó :,twenty u
ndìngä :,twin u
sùrò u,twist (fiber) : to
ndüy :,twisted : be
÷ùgÕ :,"twisted, bent, to be"
nél-mä• :,mä•
jöó :,two
bày,ulcer : skin
ndï• :,ulate : to
wíy,ulating
nän :,cle (maternal)
gír,der; at bottom of
ngór,ripe fruit
tút‡ :,tie
dÅÇ :,til
kéd‡-màñ :,urine
-jÕ :,us (obj. of verb)
-j‡ :,us (oblique); our
kÕ-ndäÑg,"uselessly, for no reason"
mùdÕ :,vagina
wöng :,venom; poison
ßëe,village
d¡¿ :,vine
yº© :,vine : Cissus sp.
kíyä,vine : type of
gÅç :,visit : to
ndï,voice
töm,vomit : to
mäl :,vulture :
ngóö :,wait for : to
ndó£ :,wake up : to
ndïyä,walk : to
gèe :,want : to
t‡gó :,wash : to
gÕmbä :,wasp : mason w
bìrb¡,wasp : type of w
yët¸ :,wasp : yellow w
màñ :,ter
käl,terbuck : type of
j- :,terbuck : type of
Åç,ar : to
là :,"ar, put on : to"
hét¸ :,ave : to
jö,ave : to
dùnd,web (spider)
"t¸rö,türö",weed : type of
nç¢ :,weep : to
÷èe :,well
yöm :,wet : to be
÷í :,what
lòo-Ñ,when
÷íngáyt‡,when
÷á :,where
hª :,which
k‡-÷á,which?
ndée,whip
àbÕlày,whip : leather
töw,whistle
ndàa :,white : to be
nàsá± :,white person
nªº,who?
kÕtû-÷í w,"why, for what"
tát‡ :,wide : to be
làa w,wide : to be
nþÏ :,wife
mùlà :,wildcat
à :,will (future marker)
nél,nd
ßì®,"nd up, wrap up : to"
bî®,pe : to
kÕ,th
sè- :,th (with pronoun affixes)
-² :,th him/her/it
kànj‡ :,thout
dèë-k‡-dŸÏ :,English –
tàa,"words, speech"
kÕlà :,work
ndüs¸ :,worm-eaten : to be
söl :,worried : to be
ßìnd¸,wrap around : to
dülö,"wrap, bind : to"
mÕlà :,wrestling
tü©,wring out : to
ndàng,write : to
kúnd¸,xylophone
ngú£ :,yam
lóö,yawn : to
ßäl :,year
tàg‡-bè,yesterday
-sÕ :,you : (plural)
-í :,you : (sing. oblique)
-ï :,you (acc. sing.)
ï-,u (nom.)
-s‡ :,u (oblique plural)
