ngambay,français
rû :,à côté de
b¡y¼,abeille de terre
tÏ :,"abeille, esp. de"
tènjì,abeille; miel
bùlà :,abri (animaux domestiques)
kÉy-lèb,abri dans un champ
tór :,absence de
dän :,accompagner
màs¸ :,acide : être
ìbì,activer (feu)
ndögö :,acheter
líbÕrì,aiguille
îl,"aiguiser, affûter"
dÆ® :,ainé de famille
bè :,"ainsi, comme ça; seulement"
mà-sôl :,aisselle
ndáà :,"alors, ainsi"
àÛ :,aller
àd¸ :,amer : être
kúrä-mà® :,ami
pólë :,ampoule a
kòrörö,e
tüm,guille
dä :,imal
nïngá,"neau, bracelet"
ßäl :,née
wæ•-nè,née : cette
kà•-nè :,"née, passée : le"
mbër,annonce publique
mbúr,antilope : espèce de
käl,antilope (cob de Buffon)
"tÆbÕ,tòbÕ :",antilope (guib harnaché)
nàs¸ :,antilope cheval
kàyà,"antilope, bubale"
lúm,"antilope, eland de Derby"
ßär :,appeler
ßär,"appeller, nommer"
gö :,après
ßúl-ùbü,arachide
gámàgär :,araignée
käg¸ :,arbre
"÷ïrä,yïrä",arbre : esp. de
ßìdà a,arbre : esp. de
kôm,arbre : esp. de
dángá :,arbre : esp. de a
kòbÕ :,arbre : esp. de
mäd¸ :,arbre : néré
÷ûý :,arbre de karité
mà-kûr,"arbre, esp. [Vitex doniana]"
mbàg¸ :,arbre : cailcédrat
kám-ndà-bìnä,arbre : esp. de
kürä :,bre : kapokier
gàýrä :,bre : palmier doum
kám-móñg :,buste : esp. de
ngà®,buste épineux : esp. de
kám,buste; feuille
ßándáng :,c et flèche
ngàw-bürä-ndï,arc-en-ciel
gúsù,argent
ánjï,argile noir
lìbà,argile rouge
gösö :,artiste
ìsì :,Langues Sara
àsÕ :,assez : être; suffire
tô :,attacher
ngÉb¸ :,attendre
lám :,attraper a la volée
njòr,aubergine
ßög‡-nè,aujourd'hui
ßü,a
ùrù,a
kédé :,b
gÕ :,b
sÆ,b
-né :,avec [qc dont on a parlé]
njè-kÆm-tû,eugle
yôg¸,"oir de jeu, mal serrè"
ndà£,oir des rapports sexuels
ndògö :,"igner, se baigner"
ló :,iller
kúndü,Français
ndìsä :,balai
yé® :,balancer sur la tête
ùwà :,balayer
tìsá :,balle de grain
mbäý,barbe
bÆ©,"bas, en bas"
dün :,bassin; rein
ùndà :,"battre, frapper"
bàsá :,beau : être
mÆm,"beau-père, belle-mère"
yº :,beaucoup; très
tÆndÕ,bégayer
màndÕ :,belle : être
wár,belle-soeur
bíl-bìl :,bière de mil
ndà :,blanc : être
nàsá±,"blanc, Européen b"
màñg :,"boeuf, vache"
àÿ :,boire b
kïdö :,isson
árgè,isson alcoolisée (fort)
màjì :,n : être
gìnà,sse (la)
bàl,uc
dÆr,uclier
tà :,uche
bîr,Français
bíyä :,bouillie
òlë :,bouillir
mùrü :,boule de mil
ùbà :,bourrer; pousser : piétiner
bƒ-s¡ :,"bousier, scarabée sacrée"
kûr-pÆr :,braises
ngæw :,Langues Sara
tû,"briser, casser"
múm,brouillard
wàlà :,brousse
kár,bruit
Å :,brûler
ngî,bûche
dîgÕ :,buffle
dÆbÕ :,cacher
ìyä :,cacher; tendre
nïÑ :,cadavre
mbà£,"cailloux, pierre, montagne"
ngó :,calebasse c
kär-mbï :,c
kä :,"calebasse, esp. de"
kúrä-mà® :,"marade, copin"
líyä,méléon
ndäb‡,nard
bàynä,ncère de la peau
règë,nne de sucre
jæm,caracal
tÆdÕ,casser
lé,"ce, cet (emphatique)"
nè-lé :,"ce, le"
ngàw-bà,célibataire
bü :,cendre
tûl :,Langues Sara
dàn :,"centre, milieu"
pàn,céphalophe à flancs roux
láw :,cerémonie d'initiation
ndäjí,cicatrice
dàrä :,ciel
mƒ :,cinq
kòndè,"cithare, harpe"
njä-ßòng-dîgÕ,civette
ìnjï :,clair : être; allumer c
à®,"clair, propre : être"
ngàw-kàñ :,clitoris
jà£ :,cob des roseaux
ßængæræ c,coeur
wöng :,colère
tƒyº,coller c
làb¸,"ller, se"
bàÑ :,mbien
bàÑ :,mment?
túrä,mpter
ùsü :,ncerner
kòs‡,ncombre
ndæjï,conseiller
gól :,consoler; bercer; tromper
sú :,conte
ndïngä,convoiter
mà® :,copain
kørº :,coq
ngôy :,Langues Sara
gágà :,corbeau
kùlä :,corde
gàjì :,corne
dä-rû :,corps
kàr :,côté de : à
kàr :,"côté, poitrine"
bƒ :,coton
"gôb¸,gôs¸",cou; gorge
tò :,couché : être
kíl :,coude
ù® :,coudre
ndäjí :,couleurs; dessin; lignes
ùnjà :,couper
túgä :,"uper, hacher"
gÆbÉræ,"urge non-comestible, esp."
rïyä :,urgette : petite
ngûd¸,urse; courir
gîjì :,urt : être
kìyä,uteau
ßám :,Français
tïbï,"cracher; crache, salive"
ßæ• :,craindre; peur
ngír-bÆdÕrÆ,crapaud
ù,creuser
nç,crier
wòl :,Langues Sara
màr :,crocodile
ngÆr :,croquer
ndïr,cuire
kúl :,cuire [la sauce longue]
bìñg :,cuisse
Æ®,"cuit, à point : être"
ndîû :,cultiver c
bàngÕlà,cynocéphale
tà£,chacal
jámbàl :,chameau c
ndîû,champ
ßòyò,champignon
pä :,"anson, chant"
kúlü :,arbon
mäl,arognard
ndÅ,asse; dieu de la chasse
bàtú :,at
mùlà :,at sauvage
gídï,atouiller
túngä :,Français
îb¸,chauffer la base d'un arb
màrkóbÕ :,chaussure
ngî :,chauve : être
dî-lò,chauve-souris de maison
dö,"chauve-souris, esp. de"
ndì,chavirer
mbàng :,chef
tàÛ :,chenille (sans poils)
lág‡-làä :,chenille poilue
sä,chercher
kúndä,cheval
yìngà,cheveux
b¬yº :,"chèvre, cabri"
ndÉy,chicotte
ndÉy :,chicotte
bísï :,chien d
mbÉ®,choisir
né,chose
yŸr,chose dégoutant
ßá,d'abord d
mŸ :,dans d
lÆ,danser
tï•,chirer
dàn-g‡ :,dans
÷ágá :,hors
mbª :,jà
bèrè :,main
dÆjì :,"demander, poser (question)"
ndÅç,démanger
när,démener; arracher
ngäng :,dents
tîÿ :,dépasser
îdÕ,"déplacer, se"
tûr,déplumer
táb¸ :,déranger
gìr :,derrière
÷ìsì :,descendre
"ùr, ùr :",descendre; entrer
túdü,"détacher, délier"
tújï :,détruire; abîmer
ßäng :,dette
jöó :,deux
nÅ :,devant
tà :,devant
sú-ßë :,devinette
ndèñg :,diarrhée : avoir
Lúbä :,Dieu; Luwa (frère de Sou)
ßÉd‡,diffèrent; ailleurs
nà :,re; marqueur de convers
pà :,re; parler
kûl :,"sputer, palabrer"
näjï :,"sputer, quereller"
dîgÕ :,x
ngön-jï :,igt
à® :,donner
ßï :,dormir; sommeil
gìr :,dos
÷ègègè :,doucement
ndö :,douleurs prenatales
mºy :,douter
sùr,droit
ngìsä,"droit, tout"
kîl :,droite
ngàñg :,"dur, difficile : être"
màñ :,"eau, de l'eau"
ndübü,éclater; vacarme
ngôy,écorce
màmä,écorce sec
ræd¸,écraser
tè£,écraser (le foudre)
ndàng :,écrire
ndàm,écureuil : esp. de e
ßûn :,écureuil de Gambie
mbél,échanger [qc] e
kÆ® :,éléphant
"ù£, ngæm",ever; nourrir
îg¸ :,pêcher; refuser
yël,poisonner
ndïmä,prunter; prêter
gòg‡ :,arrière
tás‡rá :,vain
"ßÉy,","core, plus"
lò,Français
ndèm,"enduire d'huile, oindre"
ngön :,enfant
òjì :,"enfanter, accoucher"
nì« :,enfiler
tí,"enfler, s'enfler, gonfler"
"sü,tü",enfumer [qc]
níngá-bÉlæ,engoulevent
î® :,"enlever, retirer"
njè-b¼º,ennemi
kÉ :,enrouler
ßìrï,enrouler
n¼º-d‡ :,ensemble
n¼º :,ensemble : réciprocité
ndúrü :,entasser
òö :,"entendre, écouter e"
dùbü :,"enterrer, semer"
mbùnä :,"entre, parmi é"
gál :,entrejambe é
mŸ-mbä :,entrejambe
ànd¸ :,entrer
tô,"envelopper, emballer é"
mä•,vie de
ùlà :,voyer
ndÆ®,ais : être
jänë :,"arpiller, écarter"
bäg¸,aule
kün :,Français
rùngä :,"épuiser. finir, achever"
làbà :,escargot
ßÆ® :,esclave
dùl,esp. d'antilope
bî®,essuyer
lÉm :,"et, aussi"
nè :,"et, mais"
nàjì :,"étaler, étendre (au soleil)"
áytìsó :,éternuement
kÏ±wÏ,étoile
tö :,être
àr,être debout
ndó :,étudier; aprendre f
s¡ :,excrément f
báw-ndîû :,expert cultivateur f
kïr :,fagot
ßö :,faim
÷ä :,faire
ndàÛ,ire griller à sec
tö :,"ire mal, faire souffrir"
ndùjï :,rine
kîr,tigue
dàw,tigué : être
már¸m :,ucille
dèné :,femme
dèné :,"femme, épouse"
gäjï,fendre
njàrè :,"fendre, couper"
"rïyä, rïbä :",fendre; déchirer
käy :,fendre; diviser; partager
ùdü :,Langues Sara
kùdù :,fesses
pÆr :,feu
bürä,filet
ngön :,"fils, fille"
ndÆÿ,filtrer
màg¸,fille initiée
ndòlë :,flétrir : se f
púdü,fleur; fleurir
bä :,fleuve f
n¦ :,"flotter, couler"
ùr,foie
mórö :,foin (pour les animaux)
gîl :,fois f
lŸþ :,fondre
tôg¸ :,rce
kù,rêt
òö,rger
njè-kî® :,rgeron
òlè :,"rt : être (boisson, magie)"
jág¸lä,uiller
"mbº-käg¸, b¼",urche d'arbre
b,Français
túr :,"fourmi, petite noire : esp."
tƒyº :,fourmi rouge : esp. de
tòÿ,"fourmi, rouge : esp."
tàlbás¸,fourmilier
sûl :,fourreau
pïl :,foyer
kül :,Langues Sara
ngö-kÇ,"frère, soeur"
kül :,froid
nÅ :,front
rìï,frotter
ànd¸,fructifier
kánd¸ :,fruit
¼ÿ :,"fuir, s'enfuir"
sà :,fumée
ngàw,"furoncle, bouton au visage"
bàtäng,galago : esp. de
ngæm g,garder [troupeau]
gèl :,gauche
Æ£ :,mir
yì® :,ncives
täg¸,nette
-sí,nou
ßùr,aner
ímä :,mbo
ndü©,ndoler : se
gólë :,"gourde, esp. de"
gîl :,gourdin
nº :,goûter
mbôl-d,grâce à
kö,"grain, germes"
ÆmÕ,graisseux : être
bòý :,Langues Sara
tîgÕ,grandir
kà :,grandparent
ngÉ :,gratter
kûjï,grêle
dàm,grenier
gír-gîl :,griffes
ndàng,gronder h
"bò, bòý :",gros : être
däng h,grue couronnée
gùmä,guêpe maçonne
mbƒr-mb¡,guêpe noire : esp. de
àjì :,guérir; sauver
tém :,"gui, plante parasite"
tínä :,che
kìï,meçon
bárò,"ngar (pour l'ombre, etc.)"
mìnjì,ricot
tà© :,"ut, en haut"
tèmè :,rbe : esp. de
m,"herbe, paille; brousse"
ndú®,hérisson
ngónjí,hernie
kÉw :,héron garde-boeufs
kîÿ,hibou
tàg‡-nè,Langues Sara
àbÕ :,hippopotame
kîsÕ :,houe
ùbü :,huile
jï-này-jöó,huit
rígÕm :,hyène
nè :,ici
gÆbÕ :,idiot
ngúl :,igname
ngàrù :,iguane
µ-,"il, elle"
Ñ-,"ils, elles i"
ndájï :,imiter j
"sülä,tülä",j
kù®,secte
njúbä,secte : cantharide
tájï,sulter
ngán-sì :,testins
ßär :,viter
n¡,lousie entre femmes;
sár,mais
jó :,"jarre, canari"
«- :,je
rû-lè£ :,"joie, félicité"
ßôl,joue
ndäm,jouer
ndû :,"jour, journée"
ndùngà :,"jumeaux, jumelles"
sár,jusque
küngä-ßënjï,"la grippe, la rhume"
nÅÇ :,là-bas
nø,là-bas (loin)
¡y¼ :,laisser
mbà :,lait
àng,lamantin; esprit de l'eau
ùr,lancer un projectile sur
ìlä,"lancer, jeter l"
ndÅ :,langue l
tàr :,"langue, langage"
tád¸ :,large : être
tád¸,large : être
tógö :,laver
-é :,"le, la, lui (obj. de verbe)"
tûÑ :,cher
bänjï,pre
g‡-÷á,quel
-dé :,"s, leur"
n¼® :,ane : esp. de
kíyä,ane : esp. de
bìr-bíndï,Français
dîdî-æm :,lièvre
tòbÐ,lion
tïrä,"lit, lit de boit"
Æw :,loin
ngäl :,long : être
pídï :,Langues Sara
îÿ,lourd : être
bùsú:,luciole
ndólë,luire; briller
nºy :,lune
mùlà,lutte
÷û,"lutter, se battre; guerre"
njä,magouste à queue blanche m
yðm :,maigre : être
jï :,main
ßàsí-nè :,maintenant
másàr :,kÆrí
kÉy :,maison
mÐy,maladie
mÆdÕ :,ladie; infirmité
mbçy,laxer (boue pour briques)
dìngàm :,le
kül :,nche
ùsà :,nger
"m¦rø,müÑ",nger (qc farineux)
Å :,nger (qc mou)
ngàlì,Français
gÉñg :,mante religieuse
súgÕ :,marché
njä,"marcher, se promener"
báylà :,margouillat
ngàw :,mari
bày,Langues Sara
à :,marqueur d'interrogation
kûô :,marqueur de débarrassement
à :,marqueur du futur
jë :,marqueur du pluriel : nom
d‡,marqueur locatif
ndûô :,matin. de bon matin
màn :,maudire
màjÆ• :,mauvais : être
-«,me (obj. de verbe)
kùmä :,médicament
wàs¸,melon
kárä,même
gél-tà,menton
kÇ :,mère m
mbôjï,mesurer
nàm,ttre les os ensemble
tÆnjì,el
só-d‡ :,"eux, être mieux"
kö,l (mot général)
tðy :,l pénicillaire
wàä :,"l, esp. de."
ság¸,Français
kúlülü :,mille-pattes
mbàdÕ,"mince, svelte : être"
ùbä,modeler
mº,moi (forme indépendant)
-» :,"mon, ma (oblique)"
à£ :,monter
dî-g‡-dïí,Langues Sara
tûjï :,"montrer, expliquer"
tÇ :,mordre
kòy :,mort
yò,mort; sorcerie
bìrï :,mortier
kÉm :,mouche
sé¥,mouche tsé-tsé n
lûl :,mouillé : être
ùy :,mourir
yíl :,moustique
bàd¸ :,mouton
"îb¸, kàsÕ :",mûr : être
gòdó :,n'exister pas
àlè :,ger
tüwä-tôg¸ :,tte : sorte de
tüwä :,tte : sorte de
jï-này-kárä :,uf (9)
Æm :,z
mºy :,er
ndùl :,noir : être
gôrî,noix kola
rï :,nom
kû,nombre
bùlà,"nombreux, être"
küm,nombril
né-sî :,Langues Sara
j- :,nous (nom.)
j- :,nous (nom.)
"-sí, -sí :",nous (obj. de verbe)
-sí :,"nous (oblique); notre, nos"
kìgì,"nouveau, neuf"
kánd¸,noyau
ì£ :,"nuageux, noir : être"
ndùl,"nuit, sombre : être"
gö,nuque o
kÆm :,o
kàw :,o
è£ :,o
jímï :,oiseau : drongo
ndíl :,o
näná :,oncle maternel
dîg-gìr-é-kárä,Kul=dîgî-jî-hàré
mbï :,eille
sïngä,phelin
írï,eille
÷á,Français
tág¸ :,ouvert
tŸþ :,ouvrir
háy,pagaie
lël :,pagayer
mápà,pain
màr-mángá,pangolin
kò®,panier (pour pêcher)
kàrè,"panier, sorte de"
njälälä :,pantalons
kàgÕ,panthère
mbëdë :,papier; livre
ébë :,papillon
mbä-tà,parce que
tög‡ :,pareil : être
"nòjï,nùjï","parents, famille"
ræm :,paresse
tàr :,parole
käy :,partager
ndîy,partir
Æ• :,"pas, ne ... pas"
yòlè :,passer sur le feu
bängàw :,patate douce
dàmlà-jï,ume
ndòö,uvreté
ùgä :,yer
ngïrä :,au
ndä© :,"au, cuir"
mbàw :,cheur
Æñ :,pénétrer dans l'eau
bæn,pénis
kèrè,perdrix
bàÛ :,père
mÆr :,perles
dÆÛ :,personne
"düú, lám",Langues Sara
ßÉl :,"peu, un peu"
bÆ® :,phacochère
gîl :,"pied, jambe"
güm :,piège
dÉr :,"pigeon, tourterelle"
ùr :,piler
sÆbÕ,piler (pour enlever le son)
gîy,pilon
"käbä,",piment
ùgù,"pincer, gratter"
tànjì,pintade
bày-sà :,pipe
îsÕ :,piquer
tò :,pirogue
dî-gîl,"ace de, traces de"
kîyî :,acenta
dò :,"aie, blessure"
lè£ :,aire
nç,eurer
ndï :,uie
bè£ :,plume
b¡¬,poil
ßúl-ndà,pois de terre
màs¸,poison
känjï,poisson
kèm-ndûy :,poisson : capitaine
dæ•,poisson : esp. de
"sènè-kàr,",poitrine
mbîrî :,pomme cannelle
ngàdÕngÉ :,pomme d'Adam
dá¥,pont
ïyä,porc-épic
tà-kÉy :,porte
òdö :,porter
îû :,porter [habits]
ùndä,poser à plat p
ngísä,pou
künjá,poulet p
mbä :,ur que
g¸-ndäÑg :,ur rien
mbä :,ur; à cause de
mbä-÷í :,urquoi
ndùm,urri : être
bábúrü,ussière
kò® :,Français
ßád‡-ßá :,"premier, d'abord"
tä :,prendre
ùn,prendre
tá :,préparer la bouillie
òrè,"presser, forcer"
tünä :,"prêter, emprunter"
gäd¸ :,prix
tà,problème
"dÆbÆ,ngûsí",proche
ùr,"profond, être"
ngúl-jàmä :,profondeur
njè,propriétaire
njè,propriétaire
tö :,puiser
bùlà-màñ :,puits
yï :,pus
màm :,python
lò-g‡ :,quand
sô :,quatre
kà® :,"que, pour que"
ßá :,"que, qui"
g‡ :,"e, qui, ce que, ce qui"
÷í,"e, quoi"
kîy :,"émander, solliciter (don)"
ßòng :,eue
g‡,"i, que"
nª :,i?
ngìrà :,cines
"îy,òdö :","ramasser, prendre"
àgÕ :,ramper (un enfant)
àl,ramper (une plante)
b¼º,rancune
ndìsä,"raser, se"
yƒngä :,rasoir
ndän,"rassasié, être"
mbÇ :,Langues Sara
láñg,rat : esp. de
nì«,rat : esp. de
yég¸,"rat, souris"
là£ :,rater; manquer
nà®,redresser
Ænjï :,réfléchir
mbäd‡,refuser r
÷ùsù :,remplir
körë,remuer
güdúrü,remuer r
tübä :,renvoyer; chasser
ÆndÕ :,répandre une odeur
túdü,pas sans sauce
"yàgÕdà,",pondre
bìs¸,sidu
kÆmæ :,spiration; repos; souffle
gès¸,ste
n¼y,ster
ndÉl :,"veiller, se réveiller"
tél :,Français
n¬,rêver; rêve
"kàsÕ-b¼rƒ,",rhinocéros
kàrï,rien; vide; normale
sùgú,rincer
kòg,rire
jàng :,rival
màr :,rônier
tàl :,rosée
dÆjì,"roter, éructer"
kàsÕ,rouge : être
÷ÉbÉ :,"route, chemin"
mbórö :,ruche
ngî :,rugueux : être
nág‡rä s,sable
náng‡rä :,sable
ßôl :,sac
nìngà :,"sagaie, lance"
ùwà :,"saisir, prendre"
ßàr s,saison pluvieuse
nºy-kàr,saison seche
yïró :,leté
yïrö :,"live, crachat"
mÉs¸,ng
tÉnd¸,ngsue
nªy :,Français
tál,saut
gábÕrà :,sauterelle
gÆ® :,"savoir, connaître"
ndàrè,scolopendre
¡,scorpion
tùdù :,sec : être
àÿ,sec : être (en surface)
ndògö,Langues Sara
yég¸ :,secouer
mbà :,sein
kàd¸ :,sel
jíngä,semoule
gäng :,separer
sïrí :,sept
nàjï,"serment; honneur, justice s"
lï :,serpent
ndùbù :,"serpent, esp. de"
kÉr :,sésame
kárí :,"seul, tout seul"
bàá :,seulement
sé :,si
ßÆd¸ :,nge
nº :,roter
m¡sª,x
kùndä :,if
kùmàtàg‡ :,ir
kàr :,soleil
tìl :,"sombre, nuit"
bìnä,son de mil
-é,"son, sa"
njè-kùmä :,sorcier
gîjì,Langues Sara
"tèë,tŸþ :",sortir
jïgï :,souche
gél :,"sous, dessous"
gÆ® :,spatule en bois
kàdÕ :,stérilité
njíbï :,sucer
ìl,sucer (enfant)
rïí,sucré : être t
tÆd¸ :,sueur; suer
dî :,"sur, dans t"
sà,tabac
kálï,tabouret t
tôl,iller; affûter
màs¸ :,marinier
dàlè,mbour
dàlè,mbour à deux faces
gáñg :,"mbour, grand"
tèmë,Français
yàdÕ,tamis : sorte de
sàñ,tamis : sorte de
sä,tamiser
bèñ :,tante paternelle
ìï,tarir
-ï :,te (acc. s.)
ngìrà,Langues Sara
wº :,termite ailé
yç,termite blanc
nàng :,"terre, sol"
dî-nàng :,terre; territoire
gÆm :,testicules
dî :,tête
käg¸-gîl :,tibia t
ká® :,tige
m¡y¼ t,tique
ndôr :,tirer
gìndö,toile d'araignée
dî-ßár :,tombe t
òsö :,mber
Ær :,mber (pluie)
-í :,"n, ta; toi"
ngè£ :,rche de paille
÷ùgù :,rdre; être courbé
mÐy :,Français
îdÕ,toucher
lél-mä•,tourbillon
ndür,"tourner, se"
láy :,tous
kés¸,tousser
gòdÕ,trace de
tÉr,traire; presser avec main
àdÕ,tranchant : être
kùlà :,travail
dæs‡ :,"traverser, passer"
dàd¸ :,trembler
kÆñ :,tremper
÷û-mùndá :,trente
péndë :,tresser t
ùnjï :,tresser (le secco)
mùndá :,trois
ßë,trou
"bòlè, büwá :",trou
mbùdù,"ouer; percé, être"
ìngà,ouver
ßàä :,ouver par terre
ï- :,; vous
tûl :,er
kárä :,Français
Æd¸,urine
ngïr,vagin
kèë :,"van, panier pour vanner"
bélë :,"vanter, se"
kúndü,vapeur
bür :,varan
÷àÛ :,vendre
÷èë :,venir
¡,venir de; se lever
lél :,vent
mŸ :,ventre
mîdÕ :,"verge, pénis"
ndüsü,vermoulu : être
dæ :,vers v
mbél :,verser v
"òm, mbél",verser
ndùsü v,verser pour décanter
kübü,vêtement
dä :,viande
"ßúgä, tîgÕ v",vieillard
ßúgä :,eux
ßë :,llage
÷û-jöó :,ngt
gÅç :,siter
kàlàng,te
òö :,ir
njè-bàdà-kÉy,Kul=ní-dàrü
ndü :,voix
ßògò :,voler
tûmë,vomir
gè,vouloir
-sí,ü vous (acc.)
-sí :,vous (oblique); votre
mbä :,"voyage; hôte, invité"
ndï•,"youyou, faire"
kïndí,zorille
tór :,absence
dän :,accompany
ìbì,activate (fire)
ngàdÕngÉ :,adam's apple
gö :,"after, behind"
nÅ :,ahead of
árgè,alcoholic drink
kárí :,Sara Languages
mbª :,already
láy :,all
mbùnä :,among
lÉm :,and
nè :,"and, but"
wöng :,anger
dä :,animal a
mbër,"announcement, public"
"yàgÕdà, a","answer, reply : to"
tƒyº :,ant : red
túr :,ant : small black
tòÿ,ant : small red
tàlbás¸,teater : type of
màr-mángá,teater : type of
pàn,telope : duiker
dùl,telope : duiker
nàs¸ :,telope : roan
lúm,telope : Tragelaphus oryx
kàyà,telope : type of
näjï :,argue about : to
kûl :,argue with : to
mà-sôl :,armpit
gösö :,"artist, expert"
bü :,ash
dÆjì :,ask : to
mbÇ :,assemble : to
bèñ :,aunt (paternal)
kûô :,"away,off"
tínä :,axe
bàngÕlà,baboon
gìr :,back
gòg‡ :,backwards b
ngàw-bà,bachelor b
màjÆ• :,bad : to be
ßôl :,bag
yé® :,balance : to
ngî :,bald : to be
mórö :,bale of grass
ngôy,bark (of tree)
màmä,"rk (of tree), dry"
kàrè,sket : large
kèë :,sket (for winnowing)
dö,t : type of
dî-lò,t : type of
ndògö :,the : to
tö :,: to
tög‡ :,English –
mÆr :,beads
mìnjì,beans
ànd¸,bear fruit : to
mbäý,beard
mbä-tà,because
mbä :,Sara Languages
tïrä,bed
tènjì,bee; honey
mbórö :,beehive
bíl-bìl :,beer : millet
b¡y¼,ò bees (live in ground)
njúbä,beetle : blister beetle b
kédé :,before
tà :,before
kîy :,beg for : to
gìr :,behind
küm b,belly button
só-d‡ :,b
bòý :,g : to be
è£ :,rd
jímï :,rd : type of
tÇ :,te : to
àd¸ :,tter : to be
ndùl :,ack : to be
njè-kî® :,acksmith
njè-kÆm-tû,blind person
pólë :,blister
mÉs¸,blood
bÆ® :,boar
bélë :,boast : to
dä-rû :,Sara Languages
òlë :,boil : to
sïngä,bone
ndïmä,borrow; lend : to
táb¸ :,bother : to
ßándáng :,bow and arrow
bày,bowl : small clay
bìnä,bran
mápà,bread
tÆdÕ,break : to
tû,break : to
mbà :,breast
kÆmæ :,breath; rest
dá¥,bridge b
ìnjï :,bright : to be; to light
ndìsä :,oom
dîgÕ :,ffalo
Å :,rn : to
îb¸,rn base of tree : to
yòlè :,rn hairs : to
dÆjì,English –
dùbü :,"bury, plant : to"
kám-móñg :,bush : type of
kám,"bush, leaf"
"tÆbÕ,tòbÕ :",bushbuck
ébë :,butterfly
kùdù :,buttocks
rû :,"by, near"
ßär :,call : to
ßär,"call, name : to"
jámbàl :,camel
ndìï,capsize : to
jæm,"caracal,desert lynx"
òdö :,carry : to
ngàlì,cassava
bàtú :,cat
lám :,catch (in air) : to c
ùwà :,"catch, seize : to"
tàÛ :,caterpillar : hairless
lág‡-làä :,caterpillar : hairy
ndàrè,centipede
njä-ßòng-dîgÕ,"civet, african"
gír-gîl :,aws
ánjï,ay : black
lìbà,ay : red
à®,"ear, clean : to be"
à£ :,"imb, go up : to"
ngàw-kàñ :,itoris
ùdü :,ose : to
ngìsä,closely
kübü,clothes
gîl :,club
kûr-pÆr :,coals of fire
kül :,cold
küngä-ßënjï,"cold, flu"
ndäjí :,color; lines; designs
÷èë :,come : to
Ær :,come down : to
¡,come from; get up : to
ùsü :,concern : to
pídï :,"congratulate, praise : to"
gól :,console; rock : to
ndïr,cook : to
kúl :,cook sauce : to
Æ®,cooked enough : to be
kül :,cool : to be c
bùlà :,"coop, pen"
másàr :,kÆrí
nïÑ :,corpse
bƒ :,cotton
kés¸,cough : to
ndæjï,unsel : to
túrä,unt : to
wàlà :,untryside
ndïngä,vet : to
màñg :,w : cattle
däng,ane
mä•,aving for
àgÕ :,crawl
màr :,crocodile
dæs‡ :,cross : to
mŸ-mbä :,crotch
gál :,crotch; space between leg
gágà :,crow
ùbä,"crowd, crowd about : to"
ræd¸,Sara Languages
kòs‡,cucumber
àjì :,cure : to
màn :,curse : to
ùnjà :,cut : to
dò :,"cut, sore"
tìsá :,"chaff, husk"
líyä,chameleon
kúlü :,charcoal
ßôl,cheek
"sènè-kàr,",chest
ngÆr :,chew noisily : to
künjá,icken
mbàng :,ief
ngön :,ild
ndö :,ildbirth
gél-tà,"in, jaw"
mbÉ®,oose : to
túgä :,chop : to
ndäm,dance
ndùl,dark : to be
ì£ :,"dark, cloudy : to be"
tìl :,dark; invisibleness
ndû :,day
kòy :,death
yò,death; magic
ßäng :,debt
ùr,deep : to be
ngúl-jàmä :,deepness
mºy :,deny : to
÷ìsì :,descend : to
tújï :,"destroy, ruin : to"
tàl :,dew
ndèñg :,diarrhea : to have
ùy :,die : to
ßÉd‡,different
ùr,dig : to
yïró :,dirtiness
käy :,vide among : to
÷ä :,: to
bísï :,g
kòrörö,nkey
tà-kÉy :,or
mºy :,ubt : to
dÉr :,"dove, pigeon"
bÆ©,"down, downwards"
bìr-bín,dragonfly
n¬,dream
àÿ :,drink : to
kïdö :,drink (alcoholic)
dàlè,Sara Languages
gáñg :,drum : type of
dàlè,drum : type of
tùdù :,dry : to be
àÿ,dry : to be
ìï,"dry : up, to"
túdü,dry food
nàjì :,dry in the sun : to
nºy-kàr,dry season
ndäb‡ e,duck
bƒ-s¡ :,dung beetle
bábúrü,dust
kò® :,dust
mbï :,ear
ùsà :,t : to
Å :,t (boule) : to
"m¦rø,müÑ",t (powder) : to
tüm,l
kàw :,g
njòr,gplant
kÉw :,ret
jï-này-jöó,English –
kíl :,elbow
kÆ® :,elephant
dîg-gìr-é-kárä,Kul=dîgî-jî-hàré
njè-b¼,enemy
àsÕ :,Sara Languages
ànd¸ :,enter
kùmàtàg‡ :,evening
s¡ :,excrement
mbél,exchange : to
ndübü,explode : to
kÆm :,eye
òsö :,fall : to
nº :,fan : to
Æw :,faraway
ndîû :,"farm, plant : to"
báw-ndîû :,"farmer, master"
"bò, bòý :",fat : to be f
bàÛ :,ther
kîr,tigue
ßæ• :,ar; to fear
bè£ :,ather
tö :,tch [water] : to
ndîû,eld
÷û,ght : to
ndÆÿ,filter : to
yàdÕ,filter : type of
sàñ,filter : type of
yŸr,filth
÷ùsù :,fill : to
ìngà,find : to
ßàä :,find on ground : to
ngön-jï :,Sara Languages
rùngä :,finished : to be
pÆr :,fire
bùsú,firefly
kïr :,firewood
ßád‡-ßá,first
ßá,first
dÆ® :,firstborn child f
känjï,fish f
kèm-ndûy :,fish : Lates niloticus
dæ•,fish : type of f
kò® f,fish net : type of
mbàw :,fisherman
kìï,shhook
mƒ :,ve
tè£,ash (lightning) : to
ngísä,ea
¼ÿ :,ee : to
n¦ :,"oat, flow : to"
ndùjï :,our
púdü,flower : to
kÉm :,fly
múm,fog
né-sî :,food
mùrü :,food (main dish for Saras
gîl :,"foot, leg"
mbôl-dî,for
nÅ :,forehead
kù,forest
òö,forge : to
"mbº-käg¸, b¼",fork of tree
b¼,forked : to be
sô :,four
kúrä-mà® :,friend g
kúrä-mà® :,friend g
kánd¸ :,fruit
ndän g,full : to be
bàtäng,galago : type of
"îy,",ther : to
täg¸,net
màg¸,rl being initiated
à® :,ve
òjì :,ve birth to : to
ßùr,ean : to
tƒyº,English –
àÛ :,go : to
"ùr, ùr :",go down; enter : to
"tèë,",go out : to
b¬yº :,goat
bàl,"goat, billygoat"
Lúbä :,God; Luwa (brother of Su)
màjì :,Sara Languages
ngó :,gourd
kä :,gourd : type of
gólë :,gourd : type of
kär-mbï :,gourd used as spoon
jíngä,grain : crushed
dàm,granary
kà :,grandparent
tèmè :,grass : type of g
ndògö,grass fencing
m“,"grass, straw g"
gábÕrà :,grasshopper
ÆmÕ g,greasy : to be
ndàÛ,grill : to
dî-nàng :,ound
nàng :,"ound, earth"
ßúl-ndà,oundnuts
àlè,ow on ground (plants) : to
tîgÕ,"ow up, get big : to"
ùbà :,"ow, stuff into, step on :"
tànjì,guinea fowl
yì® :,gums
kûjï,hail
yìngà,hair
b¡¬,"hair, body hair"
jï :,hand
kül :,handle (of tool)
bàsá :,handsome : to be
rû-lè£ :,"happiness, joy"
ngàñg :,"hard, difficult : to be"
dîdî-æm :,hare
kòndè,harp
b¼º,"hatred, rancor"
ndà£,have sex with : to
µ-,"he, she"
dî :,head
òö :,hear : to
ßængæræ,heart
pïl :,hearthstone
îÿ,heavy h
ndú®,dgehog
ngæm,rd : to
nè :,re
ngónjí,rnia
írï,biscus
dÆbÕ :,de : to
ngïrä :,English –
ìyä :,hide; set a trap : to
-é :,"him, her"
àbÕ :,hippopotamus
-é,"his, her"
ùndà :,hit : to
kîsÕ :,hoe
ßë,Sara Languages
"bòlè, büwá :",hole
tÆnjì,honey
gàjì :,horn : animal
kúndä,horse
túngä :,hot : to be
"käbä,",hot pepper h
kÉy :,house
bàÑ :,how much
bàÑ :,how?
gìnà,hunch (on back)
tûl :,hundred
ßö :,hunger
ndÅ,nting; gods of hunting
tö :,rt : to
ngàw :,sband
«- :,ena
sé :,iot
bür :,iguana
ndájï :,imitate : to
mŸ :,in
mbä :,"in order to, to"
tás‡rá :,in vain
"sülä,tülä",incite
mÆdÕ :,injury
kù®,insect
tÏ :,insect : bee-like
dàn-g‡ :,inside
tájï,insult : to
ngán-sì :,intestines
ßär :,invite : to k
ndÅç,"itch, to; to be itchy"
tà£,jackal
n¡,jealousy between co-wives
tál,jump
nàjï,justice k
÷ûý :,karite tree
tûl :,ll : to
ngæw :,ndling : firewood
-sí,ee
kìyä,ife
ßám :,ife : throwing
gÆ® :,English –
jà£ :,kob : type of
gôrî,kola nut
tàr :,language; speech
kà•-nè :,last year
kòg,laugh : to
ræm :,Sara Languages
ndîy,leave : to
¡y¼ :,leave [s.t.] : to
tÉnd¸,leech
gèl :,left side
tünä :,"lend, borrow : to"
kàgÕ,leopard
bänjï l,leprosy
tûÑ :,lick : to
tò :,lie down : to
bè :,like so; only
tòbÐy,lion l
ßÉl :,"little, a"
ùr l,liver
báylà :,lizard : type of
ngàrù :,zard : type of
d‡,cative marker
ngî,"g, dead tree trunk"
ngäl :,ng : to be
sä,ok for : to
yôg¸,ose : to be
dün :,lower back; kidney
tá :,make porridge : to
dìngàm :,male
láw :,male initiation
wòl :,mane
súgÕ :,Sara Languages
tüwä-tôg¸ :,mat : type of
tüwä :,mat : type of
mº,me (independent form)
-» :,me (obj. of prep.)
-«,me (obj. of verb)
tûjï :,measure : to
mbôjï,measure : to
dä :,meat
kùmä :,medicine
lŸþ :,melt : to m
dàn :,middle m
mbà :,milk
kö,millet
tðy :,millet : type of
wàä :,millet : type of
kúlülü,llipede
là£ :,"ss, to; to be missing"
mbçy,x mud : to
Æ£ :,an : to
gúsù,ney
njä,ngoose : type of
ßÆd¸ :,nkey
nºy :,moon
"ßÉy,","more, again"
ndûô :,morning
bìrï :,mortar
yíl :,mosquito
kÇ :,mother
dî-g‡-dïí,Sara Languages
tà :,mouth
îdÕ,move : to
yº :,"much, many, a lot"
bîrî,mud
ßòyò,mushroom
rï :,name
gö n,nape
"dÆbÆ,ngûsí",near
"gôb¸,gôs¸ n",neck; throat
líbÕrì n,needle
njè-bàdà-kÉy,Kul=ní-dàrü
bürä,net
sár,ver
kìgì,w : to be
kàr :,xt to
níngá-bÉlæ,ghtjar
jï-này-kárä :,ne
kár,ise
Æm :,nose
Æ• :,not
gòdó :,not be any : to
kàrï,nothing; empty; normal
ßàsí-nè :,now
kû,number
bùlà,numerous : to be
lÆ,of
ùbü :,oil
ímä :,okra
"ßúgä, tîgÕ",old person
ßúgä :,old person
dî :,"on, in"
kárä :,one o
n¼º :,one another
bàá :,only o
tŸþ :,open : to
tág¸ :,open : to be
tém :,oquid
àl :,p
ßü,trich
mà® :,her; friend
÷ágá :,"t, outside"
kîÿ,l
njè,ner
njè,ner
háy,English –
lël :,paddle : to
dàmlà-jï,palm of hand
màr :,palm tree : Borassus sp.
gàýrä :,palm tree : dum
njälälä :,pants
mbëdë :,paper; book
mÆm,parent-in-law
à :,Sara Languages
jë :,particle : plural marker
kèrè,partridge
ùgä :,pay : to
ßúl-ùbü,peanuts
tôl,peel : to
Æñ :,penetrate : to
mîdÕ :,penis
bæn,"penis, tip of"
dÆÛ :,person
gîy,pestle
ùgù p,pinch : to
bày-sà :,pipe : tobacco
tò :,pirogue
kánd¸,t of fruit
dî-gîl,"ace of, traces of"
lò,ace; time
kîyî :,acenta
ndäm,ay : to
tûr,uck single feather : to
yël,poison : to
ïyä,porcupine
bíyä :,porridge
jó :,pot : clay
sÆbÕ,Sara Languages
mbél :,pour : to
"òm, mbél",pour : to
ndùsü,pour leaving residue : to
ndòö,poverty
gÉñg :,praying mantis
màndÕ :,"pretty (girl, woman) : to be"
îg¸ :,"prevent, stop, refuse : to"
gäd¸ :,price
tà,problem
ndôr :,pull : to
wàs¸,pumpkin
mbùdù,punctured
ndögö :,"rchase, buy : to"
yï :,s
ùndä,"t, place : to"
màm :,thon
kàlàng,ickly
ndï :,rain
ngàw-bürä-ndï,rainbow
ßà,rainy season
"ù£, ngæm","raise, nourish : to"
láñg,rat : type of
nì«,rat : type of
yég¸,"rat, mouse"
yƒngä :,Sara Languages
kàsÕ,red : to be
Ænjï :,reflect : to
mbäd‡,refuse : to
"nòjï,nùjï",relatives
n¼y,"remain, stay : to"
î® :,remove : to
bìs¸,residue r
gès¸,"rest, remaining portion r"
gòdÕ,"rest, traces of"
tél :,return : to
"kàsÕ-b¼rƒ,",rhinoceros
sú-ßë :,riddle r
kîl :,"ght side, right"
nïngá,"ng, bracelet"
sùgú,nse : to
"îb¸, kàsÕ :",pe : to be
jàng :,val
bä :,ver
àng,ver monster
÷ÉbÉ :,"road, path"
kørº :,rooster
ngìrà :,roots
kùlä :,rope
ndùm,rotten : to be
ngî :,"rough, hard, raw : to be"
ndèm,rub oil : to
ngûd¸,running
yïrö :,"saliva, spit"
kàd¸ :,salt
kárä,same
nág‡rä,sand
náng‡rä :,sand
nªy :,sauce
pà :,say : to
nà :,"say that, to"
ndäjí,scars
jänë :,scatter : to
¡,scorpion
ngÉ :,ratch : to
rìï,rub : to
jág¸lä,"arch : carefully for, to"
òö :,e : to
kö,ed of
÷àÛ :,ll : to
tübä :,"nd : away, to"
ùlà :,send : to
gäng :,separate : to
kÉr :,sesame
nàm,set (bones)
sïrí :,seven
ù® :,sew : to
ndíl :,shade; spirit
yég¸ :,shake : to
àdÕ,sharp : to be
îl,sharpen : to
ndìsä,shave : to
sûl :,sheathe
bàd¸ :,sheep
kÉy-lèb,shelter : field
ngôy :,shell
dÆr,shield s
käg¸-gîl :,shin
ndólë s,shine : to s
màrkóbÕ :,shoes
gîjì :,short : to be
bäg¸,shoulder
nç,"out, cry out : to"
ndü©,rink
ndòlë :,rivel up : to
ngö-kÇ,bling
már¸m :,ckle
mÐy,ckness
kàr :,de
sä,sift (flour) : to
tèmë,sifter
wár,sister-in-law
ìsì :,sit : to
m¡sª,six
ndä© :,"skin, hide"
kïndí,skunk
dàrä :,sky
ßÆ® :,slave
ßï :,sleep : to
mbàdÕ,"slight, thin : to be"
÷ègègè :,slowly
"düú, lám",small : to be
ÆndÕ :,smell : to
sà :,smoke s
"sü,tü s",smoke : to
làbà :,snail
lï :,snake
ndùbù :,snake : type of
när,"snatch, struggle with: to"
áytìsó :,sneeze
kÆñ :,soak : to
ngön :,"n, daughter"
pä :,ng
njè-kùmä :,rcerer
gîjì,rghum
màs¸ :,ur tasting : to be
nìngà :,English –
gámàgär :,spider
tïbï,"spit, to; saliva, spit"
njàrè :,"split : be, to"
gäjï,split : to
käy :,"split, divide, share : to"
"rïyä, rïbä :","split, tear : to"
gÆ® :,Sara Languages
rïyä :,squash : type of
gÆbÉræ,squash : type of
òrè,squeeze
tÉr,squeeze liquid from : to
ßûn :,squirrel : type of
ndàm,squirrel : type of
ndúrü :,stack : to
ká® :,stalk :
àr,stand : to
kÏ±wÏ,star
ßògò :,steal s
kúndü,steam
kàdÕ :,sterile person
îsÕ :,"stick : into, to"
làb¸,ick to : to
körë,ir : to
güdúrü,ir : to
mŸ :,omach
mbà£,"one, pebble, mountain"
kálï,ool
sú :,"story, tale"
sùr,straight
nà®,straighten : to
ngè£ :,straw (for torch)
tôg¸ :,strength
nì« :,string : to
òlè :,strong : to be
bárò,structure for drying grain
ndó :,"study, learn, read : to"
jïgï :,stump
tÆndÕ,stutter
ngàw,"sty, growth next to eye"
ìl,suck : to
njíbï :,"suck, kiss : to"
règë,sugar cane
kàr :,sun
tîÿ :,surpass : to
ùrù,swallow : to s
tÆd¸ :,sweat; to sweat t
ùwà :,sweep : to
rïí,eet : to be
bängàw :,eet potato
mbîrî :,eetsop
tí,ell up : to
àlè :,im : to
ßòng :,il
tä :,English –
ùn,take : to
màs¸ :,tamarind tree
nº :,taste : to
lè£ :,taste good to (s.o.) : to
tï•,tear : to
ngäng :,Sara Languages
dîgÕ :,ten
ngìrà,tendons; gristle
yç,termite : type of
wº :,termite : type of
gÆm :,testicles
nè-lé :,that t
kà® :,"that, so that"
g‡ t,"that, which, who, whom"
g‡ :,"that, which, who, whom"
-dé :,them (acc. and obl.)
ndáà :,"then, and then"
nø,there (far off)
nÅÇ :,"there, over there"
Ñ-,ey
ndÆ®,ick : to be
bìñg :,igh
yðm :,in : to be
né,ing
kùndä :,irst
÷û-mùndá :,thirty
wæ•-nè,this year
lé,"this, that (emphatic)"
kün :,thorn
ngà®,thorn bush
ság¸,thousand
mùndá :,Sara Languages
ìlä,throw : to
ùr,throw at : to
ndàng,thunder : to
m¡y¼,tick
gídï,tickle : to
tô :,tie : to
gîl :,"time, occurrence"
dàw,tired : to be
ùr :,to pound (grain)
ngír-bÆdÕrÆ,toad
sà,tobacco
ßög‡-nè,today
n¼º-d‡ :,together
dî-ßár :,tomb
bèrè :,morrow
ndÅ :,ngue
ndür,ss head : to
îdÕ,uch : to
dæ :,wards
güm :,ap
käg¸ :,ee
mbàg¸ :,tree : African mahogany
"÷ïrä,yïrä",tree : Anogeissus sp.
dángá :,tree : Balanites sp.
kám-ndà-bìnä,tree : Calotropis sp.
kürä :,tree : cotton tree
kôm,tree : Diospyros sp.
kòbÕ :,tree : Ficus platyphylla
mäd¸ :,Sara Languages
ßìdà,tree : type of
mà-kûr,tree : Vitex sp.
dàd¸ :,tremble : to
mbä :,"trip; guest, host"
sé¥,tsetse fly
mÐy :,"turtle, type of"
÷û-jöó :,twenty u
ndùngà :,twin u
÷ùgù :,"twisted, bent, to be"
lél-mä•,mä•
jöó :,two
bàynä,ulcer : skin
ndï•,ulate : to
näná :,cle (maternal)
gél :,der; at bottom of
túdü,tie
tà© :,til
Æd¸,urine
"-sí, -sí :",us (obj. of verb)
-sí :,us (oblique); our
g¸-ndäÑg :,"uselessly, for no reason"
ngïr,vagina
màs¸,venom; poison
ßë :,village
n¼® :,vine : Cissus sp.
kíyä,vine : type of
gÅç :,visit : to
ndü :,voice
tûmë,vomit : to
mäl,vulture :
ngÉb¸ :,wait for : to
ndÉl :,wake up : to
njä,walk : to
gè,want : to
tógö :,wash : to
gùmä,wasp : mason w
mbƒr-mb¡,wasp : type of w
màñ :,ter
käl,terbuck : type of
j- :,terbuck : type of
îû :,"ar, put on : to"
péndë :,ave : to
ùnjï :,ave : to
gìndö,web (spider)
nç,weep : to
bùlà-màñ :,well
lûl :,wet : to be
÷í,what
lò-g‡ :,when
÷á,where
ßá :,which
g‡-÷á,which?
ndÉy :,whip
ndÉy,whip : leather
ndà :,white : to be
nàsá± w,white person
nª :,who?
mbä-÷í :,"why, for what"
tád¸ :,wide : to be
tád¸,wide : to be
dèné :,wife
mùlà :,wildcat
à :,will (future marker)
lél :,nd
kÉ :,"nd up, wrap up : to"
bî®,pe : to
gÕ :,th
sÆ,th (with pronoun affixes)
-né :,th him/her/it
dèné :,English –
tàr :,"words, speech"
kùlà :,work
ndüsü,worm-eaten : to be
ßìrï,wrap around : to
tô,"wrap, bind : to"
mùlà,wrestling
ndàng :,write : to
kúndü,xylophone
ngúl :,yam
ló :,yawn : to
ßäl :,year
tàg‡-nè,yesterday
-sí,you : (plural)
-í :,you : (sing. oblique)
-ï :,you (acc. sing.)
ï- :,u (nom.)
-sí :,u (oblique plural)
