sar,français
Èû,à côté de
b¡y¼,abeille de terre
kó-tŸÿ,"abeille, esp. de"
tèjÕ,abeille; miel
bÕlà,abri (animaux domestiques)
gòt,absence de
dän,accompagner
màs¸,acide : être
sètÕ,activer (feu)
màng,acheter
líbÕr,aiguille
îl,"aiguiser, affûter"
tá°,aimer
hàgÕ,ainé de famille
bèë,"ainsi, comme ça; seulement"
gír-sô¥,aisselle
à,"alors, ainsi"
àÛ,aller
àt¸,amer : être
màd¸,ami
hólö,ampoule a
kòrö,e
dº,imal
n¸ngá,"neau, bracelet"
ßäl,née
kòÑ-làä,née : cette
kà•-ßë,"née, passée : le"
mbëÈ,annonce publique
käl,antilope (cob de Buffon)
tòw,antilope (guib harnaché)
nàs¸,antilope cheval
ßäÈ,appeler
gët¸,appuyer
gö,après
wú-dùm,arachide
súü,araignée
käg¸,arbre
y¸dä,arbre : esp. de
ßÕtà,arbre : esp. de
dä,arbre : esp. de
jûnd¸,arbre : esp. de a
kòw,arbre : esp. de
mät¸,arbre : néré
k¬yº,arbre de karité
dïl,arbre : cailcédrat
"k‡-tû-kùm,ndöb‡",arbre : esp. de
k¸Èä,bre : kapokier
gèÊ,bre : palmier doum
müng,buste : esp. de
ngàÊ,buste épineux : esp. de
kámbÕ,buste; feuille
gÕÈä,c et flèche
gúrsÕ,argent
lánjÕ,argile noir
ß¸ngä,arracher
dÕbà,"arrêter, s'arrêter"
ît¸,arriver
gös¸,artiste
ndì,Langues Sara
àsÕ,assez : être; suffire
dÅç,attacher
ngóö,attendre
láä,attraper a la volée
njòÈ,aubergine
àg¸,augmenter en volume
ßöó-làä a,aujourd'hui
bùÈùm,a
túÊ,a
kété,b
kÕ,b
sè-,b
-²,avec [qc dont on a parlé]
mùndö,eugle
ngè-kùm-tû,eugle
ànd¸,oir des rapports sexuels
ndòg¸,"igner, se baigner"
lóö,iller
kúnd¸,Français
ndÕsä,balai
yá®,balancer sur la tête
ìtà,balayer
tÕsá,balle de grain
mbäý,barbe
nàÑg,"bas, en bas"
dün,bassin; rein
ìndà,"battre, frapper"
bàlsáà,beau : être
sáj‡,"beau-frère, belle-soeur"
mùm,"beau-père, belle-mère"
ngªy,beaucoup; très
täd¸,bégayer
màndÕ,belle : être
hô±,belle-soeur
tà-rút‡,"benjamin, benjamine"
bíl-bìl,bière de mil
ndà,blanc : être
nàsá±,"blanc, Européen b"
màñg,"boeuf, vache"
¼ÿ,boire b
kàsÕ,isson
yérgè,isson alcoolisée (fort)
màjÕ,n : être
bàl,uc
tà,uche
bîr,Français
bƒyº,bouillie
nëg,bouillir
mù®,boule de mil
"ìÈè,ìßà",bourrer; pousser : piétiner
bƒ¡,"bousier, scarabée sacrée"
yþl,braises
ngö,Langues Sara
tû,"briser, casser"
dím-sìl,brouillard
bèmbèé,brousse
yó«,bruiner
kö,bruit
ngúr-màs¸,bruit de désapprobation
“,brûler
ngî,bûche
dîgÕ,buffle
dób¸ c,cacher
ßû c,cacher; tendre
nïÑ,cadavre
ÈÕtö,calciner
kûy,calebasse c
kù«-kûý,c
kü,"calebasse, esp. de"
ndìng,lme
mät¸-käË,llosité
màd¸,"marade, copin"
l¬yº,méléon
ndäb‡,nard
sÕlë,nine
kádÕ,nne de sucre
tètÕ,casser
t‡jä,"casser, rompre (fréq.)"
ndà£,causer à nuit
ní,"ce, cet (emphatique)"
ní,"ce, le"
sÕßà,célibataire
bü,cendre
ßú,Langues Sara
dàn,"centre, milieu"
ndò,cerémonie d'initiation
nd¸já,cicatrice
dî-Èº,ciel
mƒ,cinq
kèndè,"cithare, harpe"
g¸jä,civette
ùnj¸,clair : être; allumer c
gÅ-ngïr,clitoris
gòng,clôture en bois
jà£,cob des roseaux
wöng,colère
tƒyº,coller c
láä,"ller, se"
kónóng,mbien
b¼ý,mment?
t‡dä,mpter
ùsÕ,ncerner
kòs‡,ncombre
îj¸,conseiller
gó£,consoler; bercer; tromper
súü,conte
nd¸ngä,convoiter
màd,copain
k‡Èà,coq
ngôî,Langues Sara
kªº,corbeau
kÕlä,corde
gàjÕ,corne
Èû,corps
kàdÕ,côté de : à
kàdÕ,"côté, poitrine"
küb¸,coton
"kôî,míndÕ c",cou; gorge
tò,couché : être
kí¥,coude
ùÊ,coudre
ßá¥ c,couleurs; dessin; lignes
ìjà,couper
jéñg,couper en morceaux (les os) c
ìgà,"uper, hacher"
bÕndä,"urber, plier"
È¸bä,urgette : petite
ngûd¸,urse; courir
gïnd¸,urt : être
kìyä,uteau
m¡y,Français
kúb,couvercle du grenier
tïb¸,"cracher; crache, salive"
ßö•,craindre; peur
k¼Èº,crapaud
î,crépir
ndër,creuser
n¦,crier
wòl,Langues Sara
màÈ,crocodile
ngòÈ,croquer
ndïr,cuire
kú£,cuire [la sauce longue]
gàr,cuisine
ßú°,cuisse
ìd¸,"cuit, à point : être"
ndî®,cultiver c
màdÕ,cynocéphale
tà£,chacal
jámbàl,chameau c
ndî®,champ
ßèyè,champignon
pä,"anson, chant"
kúl,arbon
mäl,arognard
sôk¸,asser dehors
mÕlà,at
mÕlà-bèm,at sauvage
tÕngä,Français
îÛ,chauffer la base d'un arb
sä,chaussure
ngî,chauve : être
döw,"chauve-souris, esp. de"
ngä°,chef
tàÛ,chenille (sans poils)
nj‡bä,chenille poilue
sä,chercher
s‡ndà,cheval
nÕngà,cheveux
b¬yº,"chèvre, cabri"
ndéØ,chicotte
bísÕ,chien d
ngòö,chiffon sur la tête
g¸rä,choisir
yª¼,chose
"tá,pá-tä",d'abord d
kèm,dans d
yä,danser
È¬yº,chirer
tüt‡,dans
ndágá,hors
"ßá,",jà
bíÈí,main
dÕjè,"demander, poser (question)"
ndÅç,démanger
ngäng,dents
tîÿ,dépasser
ndôt¸,"déplacer, se"
nj‡ßä,déranger
gìdÕ,derrière
rìsÕ,descendre
"ùdÕ,",descendre; entrer
tút¸,"détacher, délier"
nùjÕ,détruire; abîmer
k¸rä d,dette
jöó,deux
nÅ,devant
tà d,devant
sùngó,devinette
ndèñg,diarrhée : avoir
N‡ßä,Dieu; Luwa (frère de Sou)
k‡-ràng,diffèrent; ailleurs
nà,re; marqueur de convers
ìdà,re; parler
kûl,"sputer, palabrer"
nàj¸,"sputer, quereller"
këng,stribuer
kùtÕ,x
ngön-jï,igt
àd¸,donner
ßï,dormir; sommeil
gìdÕ,dos
jÕkè,doucement
ndö,douleurs prenatales
ßáj¸,douter
kÅ,droite
ngàñg,"dur, difficile : être"
ìi,durer longtemps
màñ,"eau, de l'eau"
ndüb¸,éclater; vacarme
kàdÕ,écorce sec
dùd¸,écraser
tè£,écraser (le foudre)
ndàng,écrire
ndàm e,écureuil : esp. de e
ßûn,écureuil de Gambie
mbé£ e,échanger [qc] e
kèd¸,éléphant
"ù£, ù£",ever; nourrir
îg¸,pêcher; refuser
gòg‡,arrière
sét‡,vain
ßáy,"core, plus"
lò,Français
ngön,enfant
òjÕ,"enfanter, accoucher"
süÈ,enfiler
tág¸,"enfler, s'enfler, gonfler"
sü,enfumer [qc]
bád‡-bôØ,engoulevent
tëg‡,enlever avec les mains
î®,"enlever, retirer"
"màd¸-kûl,màd¸-b¼º",ennemi
ßíÊ,enrouler
n¼º-t‡,ensemble
n¼º,ensemble : réciprocité
ndúÊ,entasser
òö,"entendre, écouter e"
dùb¸,"enterrer, semer"
mbÕnä,"entre, parmi é"
gÕlà,entrejambe é
nÅ-mbä é,entrejambe
ùdÕ,entrer
ìlà,voyer
ndèÊ,ais : être
ßîw,ais (liquide) : être
t¬,"arpiller, écarter"
bûg¸,aule
nÕngà,ervier
kÇnç,ilepsie
kûn,Français
tÕgä,"épuiser. finir, achever"
söÈö,escargot
ßùl,esclave
dùl,esp. d'antilope
î£,essuyer
ö,"et, aussi"
bà,"et, mais"
nàjÕ,"étaler, étendre (au soleil)"
átÕsö,éternuement
ndôb¸,étinceler
"tƒyç,kÇyç",étoile
ì,être
rà,être debout
ndóö,étudier; aprendre f
göng,éviter f
yèd¸,excrément f
bÕÈà-kîsÕ,expert cultivateur f
sÕrè f,fabriquer en tournant
kïÈ,fagot
ßö,faim
rä,faire
ndàÛ,ire griller à sec
tör,"ire mal, faire souffrir"
güg¸,ire rites
ndùj¸,rine
îÈ,tigué : être
ngîrîng,ucille
d¡yª,femme
n¬yª,"femme, épouse"
gäj¸,fendre
njàÈ,"fendre, couper"
njáÊ,fendre; déchirer
këng,fendre; diviser; partager
gìnd¸,fer
ùt¸,Langues Sara
mbùÊ,fesses
hòr,feu
bándÕ,filet
ngön,"fils, fille"
ndŸþ,filtrer
b¼y¼,fille initiée
ndÕlë,flétrir : se f
hút¸,fleur; fleurir
bä f,fleuve f
nç,"flotter, couler"
móÈò,foin (pour les animaux)
njà,fois f
yŸþ,fondre
tôgÕ,rce
ùwà,rger
kîd¸,rgeron
òng,"rt : être (boisson, magie)"
ndÕlè,uiller
gàjÕ,Français
bé¯,"fourmi, grande : esp."
túÊ,"fourmi, petite noire : esp."
tƒyç,fourmi rouge : esp. de
tòÿ,"fourmi, rouge : esp."
mbär,fourmilier
hûp,fourreau
sïl,foyer
sî£,Langues Sara
ngö-kÇ,"frère, soeur"
kül,froid
nÅ,front
ùsÕ,frotter
àñ,fructifier
kàñ g,fruit
yò€,fruit de karité
ngórò,fruit pas mur
¼º g,"fuir, s'enfuir"
sà g,fumée
kîrí g,"gale, la"
ngöm,garder [troupeau]
gèl,gauche
tÅç,mir
b‡rà,ncives
kèjÕ,nou
kòl,rafe
n‡mà,mbo
gà£,"gourde, esp. de"
gîl,gourdin
mb‡Èà,goût
nº,goûter
tà-kül,grâce à
k¼r¼,"graillon, flegme"
kö,"grain, germes"
yàmbÕ,graisseux : être
bò,Langues Sara
tîgÕ,grandir
kà,grandparent
ndÅç,gratter
kûs¸,grêle
mçy,grenier
hþlþ,griffes
bò,gros : être
gÕmbä,guêpe maçonne
àjÕ,guérir; sauver
tôØ,"guetter, traquer h"
té¯,"gui, plante parasite"
k¸ngä,che
kùÿ,meçon
dàbÕ,"ngar (pour l'ombre, etc.)"
mùnjò,ricot
dîô,"ut, en haut"
häyä,rbe : esp de
tèmbÕ,rbe : esp. de
m“,"herbe, paille; brousse"
ndú±,hérisson
ndÕbä,héritage
ngînjÕ,hernie
köó,héron garde-boeufs
kîÿ,hibou
tàg‡-ßèë,Langues Sara
yàbÕ,hippopotame
kîsÕ,houe
yìb¸,huile
sô-sô,huit
ßòñg,hyène
làä i,ici
mbóò,idiot
ngú£,igname
ngàÈw¼y,iguane
ndáj¸,imiter j
÷èl,cliner (pour verser)
kùÊ,secte
táj¸,sulter
tìï,testins
ßëÈ,viter
n¡,lousie entre femmes;
y¡«,loux de : être
bát‡,mais
jóò,"jarre, canari"
«-,je
Èû-nè£,"joie, félicité"
mbèÊ,joue
kóg¸,jouer
ndû,"jour, journée"
ndÕngä,"jumeaux, jumelles"
mbóng,jusque
g‡là,kyste
nÅÇ,là-bas
nø,là-bas (loin)
¡y¼,laisser
mbà,lait
ìnä,"lancer, jeter l"
ndÅ,langue l
tà,"langue, langage"
là,large : être
là l,large : être
tógò l,laver
-µ,"le, la, lui (obj. de verbe)"
töÑ,cher
bänj¸,pre
k‡-rá,quel
-d‡,"s, leur"
yº©,ane : esp. de
dîgÕ«,lièvre
ßîl,lion
sòl,liquide de la bouillie
t¸Èá,"lit, lit de boit"
s¼y,loin
ngäl,long : être
hít¸,Langues Sara
îÿ,lourd : être
ndç-bélé,luciole
nd‡lë,luire; briller
nº,lune
rû,"lutter, se battre; guerre"
bàrkà,machette
òñg,maigre : être
jï,main
tä,maintenant
gîy-dî,kÆrí
kújÕ,maison
mÅy,maladie
mòtÕ,ladie; infirmité
dÕngàm,le
kül,nche
ìsà,nger
mü©,nger (qc farineux)
“,nger (qc mou)
ngàlì,Français
kám-dî-Èº,mante religieuse
súk¸,marché
nj¸rä,"marcher, se promener"
kí£,margouillat
ngà,mari
à,marqueur d'interrogation
kûô,marqueur de débarrassement
à,marqueur du futur
g¸,marqueur du pluriel : nom
-ï,marqueur du pluriel : verbe
t‡,marqueur locatif
dù-lòý,matin. de bon matin
tÕmbë,maudire
màjà• m,mauvais : être
-«,me (obj. de verbe)
k¬,médicament
wàs¸,melon
bògò,menton
kø“ m,mère m
tèjÕ,el
só-t‡,"eux, être mieux"
"búgïd‡, kö",l (mot général)
tþy,l pénicillaire
jòr,l sauvage
üwá,"l, esp. de."
dübú,Français
kúlúlü,mille-pattes
ìßä,modeler
mº,moi (forme indépendant)
ßî£,mollet
-»,"mon, ma (oblique)"
à£,monter
dïí,Langues Sara
îjÕ,"montrer, expliquer"
dÅ,mordre
"kòy, yò",mort
yò,mort; sorcerie
bì®,mortier
kóñg,mouche
mböl,mouillé : être
òy,mourir
húlú n,mousse
yí£,moustique
bàt¸ n,mouton
îû n,mûr : être
gòtóö,n'exister pas
àl,ger
ÈàgÕ,tte : sorte de
wàä,tte : sorte de
lö,faut pas
ndöhó,uf (9)
kôµ,z
nëj¸,er
kÕÈò,eud
ndùl,noir : être
górò,noix kola
Èï,nom
kùtÕ,nombre
bÕlà,"nombreux, être"
kúm,nombril
yªà-kÕsà,Langues Sara
"jÕ-,j-",nous (nom.)
j-,nous (nom.)
-jí,nous (obj. de verbe)
-jí,"nous (oblique); notre, nos"
kìjÕ,"nouveau, neuf"
gümb¸Èü,noyau
ì£,"nuageux, noir : être"
gö,nuque o
sé,odeur nauséabond
kùm,o
kà,o
ndíjä,oignon sauvage : esp. de
yè£,o
júmbü,oiseau : drongo
ndí¥,o
nän,oncle maternel
kùt-gìdì-kôgï,Kul=dîgî-jî-hàré
mbï,eille
k¸ngö,phelin
yí±,eille
rá,Français
gÕrè,outil pour graver
wóy,ouvert
tŸþ,ouvrir
háØ,pagaie
nël,pagayer
mápà,pain
jáng,"panier, sorte de"
njälä,pantalons
kàgÕ,panthère
màktüb¸,papier; livre
bèl-bé¥,papillon
tòdö,parce que
tït¸ p,pareil : être
"gír-kòjÕ,ngè","parents, famille"
yày,paresse
nàj¸,parole
këng p,partager
à•,"pas, ne ... pas"
g‡Èë,passer sur le feu
bängàw,patate douce
ndòö,uvreté
ìgä,yer
ng¸Èä,au
ndä©,"au, cuir"
"náÞ,",cheur
ng¬yº,peler
ùñ,pénétrer dans l'eau
kèÈwŸy,perdrix
bîb¸,père
mèd,perles
dèë,personne
ndòý,personne avec le même nom
düú,Langues Sara
sÏy,"peu, un peu"
bò®,phacochère
njà,"pied, jambe"
güm,piège
wòÈ,pièrre de divination
dé°,"pigeon, tourterelle"
ùr,piler
sòb¸,piler (pour enlever le son)
gòy,pilon
kªÈº,piment
ùgÕ,"pincer, gratter"
tànjÕ p,pintade
gîl-máµg,pipe
îsÕ p,piquer
tòo,pirogue
bòng,"ace de, traces de"
kî,acenta
dò,"aie, blessure"
nè£,aire
bàr,"anche, bois plat"
nç,eurer
sík¸,eurer à sanglots
màñ,uie
bè£,plume
b¡¬,poil
wú£,pois de terre
kòng,poison
känj¸,poisson
kèsèng,poisson : capitaine
wìyà,poisson : esp. de
wúd‡,poisson : esp. de
ngànjÕ,poitrine
mbîÈ,pomme cannelle
gÅ-míndÕ,pomme d'Adam
ndáà,pont
mbínjÕ,porc-épic
tà-kúj¸,porte
"òtö,îy",porter
Åç,porter [habits]
ìndä,poser à plat p
nd¸nä,"poser, incliner contre p"
÷ÕÈà,poteau tri fourchu
ng‡sä,pou
k¸njá,poulet p
yä,ur que
kÕ-ndäÑg,ur rien
nàj¸,ur; à cause de
täm-rí,urquoi
ndùm,urri : être
bùmbú±,Français
tàgà-dî,"premier, d'abord"
tàä,prendre
ùn,prendre
tª,préparer la bouillie
ìsà,presser avec doigts
t¸nä,"prêter, emprunter"
gät¸,prix
"tàa,nàj¸",problème
ngîÈ,proche
lúü,"profond, être"
ßül,profondeur
nú«,proposer
ngè,propriétaire
kúwà,propriétaire
îdÕ,puiser
bÕlò-màñ,puits
wïy,pus
màm,python
"dàn-Ñ,lò-Ñ",quand
r‡ngªy-t‡ q,quand?
sô r,quatre
kàd¸,"que, pour que"
µ,"que, qui"
Ñ,"e, qui, ce que, ce qui"
rí,"e, quoi"
gÕdè,"émander, solliciter (don)"
k¸lá,eue
k‡,"i, que"
nªº,i?
ngÕÈà,cines
îy,"ramasser, prendre"
àgÕ,ramper (un enfant)
àl,ramper (une plante)
b¼º,rancune
ngÕsä,"raser, se"
y¬ngá,rasoir
ndän,"rassasié, être"
káñ,Langues Sara
yég¸,"rat, souris"
nà£,rater; manquer
ndáj¸,redresser
gíÊ,réfléchir
mbät‡ r,refuser r
ròsÕ r,remplir
ndûd¸,rencontrer r
t¸ßä,renvoyer; chasser
òtÕ,répandre une odeur
ndìgÕ,pondre
kïyá,sidu
kòö,spiration; repos; souffle
n¼y,ster
séë,tailler
ndó£,"veiller, se réveiller"
té¥,Français
n¬,rêver; rêve
bèñ,rhinocéros
kàÈï,rien; vide; normale
sùk¸,rincer
"kÕgö,ògö",rire
jàng,rival
màÈ,rônier
tàl,rosée
gÕjà,"roter, éructer"
kÕrë,rouge : être
róbÕ,"route, chemin"
hórö,ruche
ngî,rugueux : être
náñg,sable
ngá® s,sable
ngòng s,sac
nÕngà,"sagaie, lance"
ìhî,"saisir, prendre"
ßàÈ,saison pluvieuse
ßäl,saison seche
yöró,leté
höÈ,"live, crachat"
mósÕ,ng
tënd¸,ngsue
kànj¸,ns
tª¼,Français
bàl,saut
gàÛ,sauterelle
gèÊ,"savoir, connaître"
kók‡ràng,scorpion
tùtÕ,sec : être
àÿ,sec : être (en surface)
ndòg¸,Langues Sara
yéë,secouer
mbà,sein
kàt¸,sel
j‡ngà,semoule
gäng,separer
sïÈí,sept
lï s,serpent
ndùbÕ,"serpent, esp. de"
kó±,sésame
ké± s,"seul, tout seul"
ngóØ,seulement
ké,si
ndè£,lure : esp. de
gàgÕ,lure : esp. de
ßèt¸,nge
ùmb¸,roter
mŸhÏ,x
kÕndä,if
lò-sî£-í,ir
mbàng,soleil
tìl,"sombre, nuit"
túñ,somnoler
bÕnä,son de mil
-µ,"son, sa"
kÕmä,sorcier
gîjÕ,Langues Sara
tèë,sortir
b¸dë,souche
gír,"sous, dessous"
gè®,spatule en bois
kùjÕ,stérilité
njíb¸,sucer
ìl,sucer (enfant)
lúnd¸,sucré : être t
tòtö,sueur; suer
dî,"sur, dans t"
máµg,tabac
kömbëÈé,tabouret t
màs¸,marinier
kîdÕ,mbour
"dàlè,dàlyà",mbour à deux faces
gángá,"mbour, grand"
tèmë,Français
sàñ-ndíï,tamis : sorte de
sïyä,tamiser
bèñ,tante paternelle
gé±,tapioca blanc
ìï,tarir
düb¸,tas
-ï,te (acc. s.)
wº,termite ailé
yç,termite blanc
nàng,"terre, sol"
dî-nàng,terre; territoire
ndàm,testicules
dî,tête
käs¸,tibia t
kàl t,tige
m¡y¼,tique
ndô®,tirer
dîndû,toile d'araignée
dî-ßádÕ,tombe t
òsö,mber
t‡sö,mber (en groupe)
èdÕ,mber (pluie)
ùÊ,mber par terre
-í,"n, ta; toi"
ngè£,rche de paille
rùgÕ,rdre; être courbé
ndüÈ,rdu : être
mŸ,Français
ngó¥,tortue : esp. de
îdÕ,toucher
kÕ-ndû-g¸,"toujours, souvent"
màlàng,tous
kés¸,tousser
gòtÕ,trace de
mb‡Èë,traire; presser avec main
àtÕ,tranchant : être
kÕlà,travail
g‡lá,traverser
män,"traverser, passer"
ndèbÕ,trembler
nüm t,tremper
kùtÕ-mÕtá,trente
sét¸,tresser t
òjö,tresser (le secco)
mÕtá t,trois
bòlò,trou
ndöÈyö,ou dans termitière
mbùtÕ,"ouer; percé, être"
ìngà,ouver
ßàä,ouver par terre
ï-,; vous
tûl,er
kóg¸»,Français
ngéd‡-màñ,urine
ngïr,vagin
kèë,"van, panier pour vanner"
nj,"vanter, se"
büÈ,varan
ìgÕ,vendre
rèë,venir
¡,venir de; se lever
né¥,vent
kèm,ventre
mîtÕ,"verge, pénis"
ndüs¸,vermoulu : être
k¸,vers v
ßök‡ v,verser v
ßök‡,verser
njèÈ,verser en laissant residues
küb¸,vêtement
dº v,viande
ß‡gà,vieillard
ß‡gà,eux
ßë,llage
kùtÕ-jöó,ngt
g“¦,siter
ndîl,"squeux, gluante"
láy,te
¼,ir
màd¸-ßë,Kul=ní-dàrü
ndü,voix
ßògÕ,voler
tömb¸,vomir
gŸy,vouloir
-sí,ü vous (acc.)
-sí,vous (oblique); votre
mbä,"voyage; hôte, invité"
ndï•,"youyou, faire"
gòt,absence
dän,accompany
sètÕ,activate (fire)
gÅ-mínd,adam's apple
gö,"after, behind"
nÅ,ahead of
yérgè,alcoholic drink
ké±,Sara Languages
"ßá,",already
kÕ-ndû-g¸,"always, often"
màlàng,all
mbÕnä,among
ö,and
bà,"and, but"
wöng,anger
dº,animal a
mbëÈ a,"announcement, public"
ndìgÕ,"answer, reply : to"
tƒyç,ant : red
túÊ,ant : small black
tòÿ,ant : small red
bé¯,t : type of
mbär,teater : type of
dùl,telope : duiker
nàs¸,telope : roan
nàj¸,argue about : to
kûl,argue with : to
gír-sô¥,armpit
ît¸,arrive : to
gös¸,"artist, expert"
bü,ash
dÕjè,ask : to
káñ,assemble : to
bèñ,aunt (paternal)
göng,avoid
kûô,"away,off"
k¸ngä,axe
màdÕ,baboon
gìdÕ,back
gòg‡,backwards b
sÕßà b,bachelor b
màjà•,bad : to be
ngòng,bag
yá®,balance : to
ngî,bald : to be
móÈò,bale of grass
kàdÕ,"rk (of tree), dry"
jáng,sket : large
kèë,sket (for winnowing)
döw,t : type of
ndòg¸,the : to
ì,: to
tït¸,English –
mèd,beads
mùnjò,beans
àñ,bear fruit : to
mbäý,beard
tòdö,because
nàj¸,Sara Languages
t¸Èá,bed
tèjÕ,bee; honey
hórö,beehive
bíl-bìl,beer : millet
b¡y¼,ò bees (live in ground)
kété,before
tà,before
gÕdè,beg for : to
gìdÕ,behind
kúm,belly button
bÕndä,bend : to
só-t‡,b
bò,g : to be
yè£,rd
júmbü,rd : type of
dÅ,te : to
àt¸,tter : to be
ndùl,ack : to be
kîd¸,acksmith
ngè-kùm-tû,blind person
mùndö,blind person (from birth)
hólö,blister
mósÕ,blood
bò®,boar
bàr,board
nj,boast : to
Èû,Sara Languages
nëg‡,boil : to
k¸ngö,bone
nj‡ßä,bother : to
gÕÈä,bow and arrow
bÕnä,bran
mápà,bread
tètÕ,break : to
tû,break : to
mbà,breast
kòö,breath; rest
ndáà b,bridge b
ùnj¸,bright : to be; to light
ndÕsä,oom
sáj‡,other-in-law
dîgÕ,ffalo
“,rn : to
îÛ,rn base of tree : to
g‡Èë,rn hairs : to
gÕjà,English –
dùb¸,"bury, plant : to"
müng,bush : type of
kámbÕ,"bush, leaf"
tòw,bushbuck
bèl-bé¥,butterfly
mbùÊ,buttocks
Èû,"by, near"
ßî£,calf
ndìng,calm
ßäÈ,call : to
mät¸-käË,calluses
jámbàl,camel
"òtö,",carry : to
ngàlì,cassava
mÕlà,cat
láä,catch (in air) : to c
ìhî,"catch, seize : to"
tàÛ,caterpillar : hairless
nj‡bä,caterpillar : hairy
ndè£,catfish : type of c
gàgÕ,c
g¸jä,"civet, african"
hþlþ,aws
lánjÕ,ay : black
ngúr-màs¸,icking noise
à£,"imb, go up : to"
gÅ-ngïr,itoris
ùt¸,ose : to
küb¸,clothes
gîl,club
yþl,coals of fire
kül,cold
ßá¥,color; lines; designs
rèë,come : to
èdÕ,come down : to
¡,come from; get up : to
ùsÕ,concern : to
hít¸,"congratulate, praise : to"
gó£,console; rock : to
ndïr,cook : to
kú£,cook sauce : to
ìd¸,cooked enough : to be
sî£,cool : to be c
bÕlà,"coop, pen"
gîy-dî,kÆrí
nïÑ,corpse
küb¸,cotton
kés¸,cough : to
îj¸,unsel : to
t‡dä,unt : to
bèmbèé,untryside
kúbö,ver : granary
nd¸ngä,vet : to
màñg,w : cattle
àgÕ,crawl
màÈ,crocodile
män,cross : to
g‡lá,cross : to
nÅ-mbä,crotch
gÕl,crotch; space between leg
kª,crow
ìßä,"crowd, crowd about : to"
dùd¸,Sara Languages
kòs‡,cucumber
àjÕ,cure : to
tÕmbë,curse : to
séë,cut
ìjà,cut : to
t‡jä,cut up (several things)
dò,"cut, sore"
g‡là,"cyst, external cyst"
tÕsá,"chaff, husk"
l¬yº,chameleon
ÈÕtö,char : to
kúl,charcoal
sôk¸,chase out
ndà£,chat at night : to c
mbèÊ,cheek
ngànjÕ,chest
ngòÈ,chew noisily : to
k¸njá,icken
ngä°,ief
ngön,ild
ndö,ildbirth
bògò,"in, jaw"
g¸rä,oose : to
ìgà,chop : to
jéñg,chop up
ndäm,dance
ì£,"dark, cloudy : to be"
tìl,dark; invisibleness
ndû,day
"kòy, yò",death
yò,death; magic
k¸rä,debt
lúü,deep : to be
ßül,deepness
nëj¸,deny : to
rìsÕ,descend : to
nùjÕ,"destroy, ruin : to"
tàl,dew
ndèñg,diarrhea : to have
òy,die : to
k‡-ràng d,different
ndër,dig : to
yöró,dirtiness
këng,distribute : to
këng,vide among : to
rä,: to
bísÕ,g
lö,n't (negative command)
kòrö,nkey
tà-kúj¸,or
ßáj¸,ubt : to
dé°,"dove, pigeon"
nàÑg,"down, downwards"
túñ,doze off : to
n¬,dream
¼ÿ,drink : to
kàsÕ,drink (alcoholic)
yó«,drizzle : to
kîdÕ,Sara Languages
gángá,drum : type of
"dàlè,dàlyà",drum : type of
tùtÕ,dry : to be
àÿ,dry : to be
ìï,"dry : up, to"
nàjÕ,dry in the sun : to
ßäl,dry season
ndäb‡,duck
bƒ¡ e,dung beetle
bùmbú±,dust
mbï,ear
ìsà,t : to
“,t (boule) : to
mü©,t (powder) : to
kà,g
njòÈ,gplant
köó,ret
sô-sô,English –
kí¥,elbow
kèd¸,elephant
kùt-gìdì-kôgï,Kul=dîgî-jî-hàré
"màd¸-kûl, màd¸-b¼º",enemy
àsÕ,Sara Languages
ùdÕ,enter
kÇnç,epilepsy
lò-sî£-í,evening
yèd¸,excrement
mbé£,exchange : to
ndüb¸,explode : to
kùm,eye
t‡sö,fall : repeatedly f
òsö,fall : to
ùÊ,fall to the ground : to
ùmb¸,fan : to
s¼y,faraway
ndî®,"farm, plant : to"
bÕÈà-kîsÕ,"farmer, master"
bò,fat : to be f
bîb¸,ther
ßö•,ar; to fear
bè£,ather
gòng,ncing
îdÕ,tch [water] : to
ndî®,eld
rû,ght : to
ndŸþ,filter : to
sàñ-ndíï,filter : type of
ròsÕ,fill : to
ìngà,find : to
ßàä,find on ground : to
ngön-jï,Sara Languages
tÕgä,finished : to be
hòr,fire
ndç-bélé,firefly
kïÈ,firewood
tàgà-dî,first
"tá,pá-tä",first
hàgÕ,firstborn child f
känj¸,fish f
kèsèng,fish : Lates niloticus
wìyà,fish : type of
wúd‡,fish : type of
"náÞ,",fisherman
kùÿ,shhook
mƒ,ve
tè£,ash (lightning) : to
ng‡sä,ea
¼º,ee : to
nç,"oat, flow : to"
ndùj¸,our
hút¸,flower : to
kóñ,fly
húlú,foam
dím-sìl,fog
yªà-kÕsà,food
mù®,food (main dish for Saras
njà,"foot, leg"
tà-kül,for
nÅ,forehead
ùwà,forge : to
gàjÕ,forked : to be
sô,four
màd¸,friend g
màd¸ g,friend g
kàñ,fruit
yò€,fruit : karite tree
ndän,full : to be
îy,ther : to
kòl,raffe
b¼y¼,rl being initiated
àd¸,ve
òjÕ,ve birth to : to
tƒyº,English –
àÛ,go : to
"ùdÕ,",go down; enter : to
tèë,go out : to
b¬yº,goat
bàl,"goat, billygoat"
N‡ßä,God; Luwa (brother of Su)
màjÕ,Sara Languages
kûy,gourd
kü,gourd : type of
gà£,gourd : type of
kù«-kûý,gourd used as spoon
j‡ngà,grain : crushed
mçy,granary
kà,grandparent
tèmbÕ,grass : type of g
häyä,grass : type of
ndòg¸,grass fencing
m“,"grass, straw g"
gàÛ,grasshopper
yàmbÕ t,greasy : to be
ndàÛ,grill : to
dî-nàng,ound
nàng,"ound, earth"
wú£,oundnuts
àl,ow on ground (plants) : to
tîgÕ,"ow up, get big : to"
"ìÈè,ìßà","ow, stuff into, step on :"
tànjÕ,guinea fowl
ndîl,"gummy, slimy : to be"
b‡r,gums
kûs¸,hail
nÕngà,hair
b¡¬,"hair, body hair"
jï,hand
kül,handle (of tool)
bàlsáà,handsome : to be
Èû-nè£,"happiness, joy"
ngàñg,"hard, difficult : to be"
dîgÕ«,hare
kèndè,harp
b¼º,"hatred, rancor"
ànd¸ h,have sex with : to
dî,head
ngòö,head cloth
òö,hear : to
sïl,hearthstone
îÿ,heavy h
ndú±,dgehog
ngöm,rd : to
làä,re
ngînjÕ,rnia
yí±,biscus
dób¸,de : to
ng¸Èä,English –
ßû,hide; set a trap : to
-µ,"him, her"
yàb,hippopotamus
-µ,"his, her"
ìndà,hit : to
kîsÕ,hoe
bòlò,hole
tèjÕ,honey
gàjÕ,horn : animal
s‡ndà,horse
tÕngä,hot : to be
kªÈº,hot pepper h
kújÕ,house
kónóng,how much
b¼ý,how?
ßú,hundred
ßö,hunger
tör,rt : to
ngà,sband
«-,ena
ké,iot
büÈ,iguana
ndáj¸,imitate : to
kèm,in
yä,"in order to, to"
sét‡,in vain
sÕlë,incisor teeth
àg¸,increase volume : to
ndÕbä,inheritance
mòtÕ,injury
kùÊ,insect
kó-tŸÿ,insect : bee-like
tüt‡,inside
táj¸,insult : to
tìï,intestines
ßëÈ,invite : to k
gìnd¸,"iron, metal"
ndÅç k,"itch, to; to be itchy"
tà£,jackal
y¡«,jealous of
n¡,jealousy between co-wives
bàl,jump
k¬yº k,karite tree
tûl,ll : to
ngö,ndling : firewood
gàr,tchen
nÕngà,te (type of bird)
kèjÕ,ee
kìyä,ife
m¡yº,ife : throwing
kÕÈò,ot
gèÊ,English –
jà£,kob : type of
górò,kola nut
tà,language; speech
ìi,last a long time : to
tà-rút‡,last born child
kà•-ßë,last year
"kÕgö,ògö",laugh : to
yày,Sara Languages
nd¸nä,lean : to
÷èl,lean (to pour)
¡y¼,leave [s.t.] : to
tënd¸,leech
gèl,left side
t¸nä,"lend, borrow : to"
kàgÕ,leopard
bänj¸,leprosy
töÑ l,lick : to
tò l,lie down : to
bèë,like so; only
ßîl l,lion l
sÏy,"little, a"
kí£,lizard : type of
ngàÈw¼y,zard : type of
t‡,cative marker
ngî,"g, dead tree trunk"
ngäl,ng : to be
sä,ok for : to
tá°,ve : to
dün,lower back; kidney
bàrkà,machete
tª,make porridge : to
î,make smooth : to
dÕngàm,male
ndò,male initiation
wòl,mane
súk¸,Sara Languages
ÈàgÕ,mat : type of
wàä,mat : type of
mº,me (independent form)
-»,me (obj. of prep.)
-«,me (obj. of verb)
îjÕ,measure : to
dº,meat
k¬,medicine
ndûd¸,meet
yŸþ,melt : to m
dàn,middle m
mbà,milk
"búgïd‡, kö m",millet
tþy,millet : type of
üwá,millet : type of
jòr,"llet, wild"
kúlúlü,llipede
nà£,"ss, to; to be missing"
tÅç,an : to
gúrsÕ,ney
ßèt¸,nkey
nº,moon
ßáy,"more, again"
dù-lòý,morning
bì®,mortar
yí£,mosquito
kø“,mother
ndöÈyö,mound : animal hole
dïí,Sara Languages
tà,mouth
ndôt¸,move : to
ngªy,"much, many, a lot"
bîr,mud
ßèyè,mushroom
Èï,name
gö,nape
ngîÈ,near
"kôî,míndÕ",neck; throat
líbÕr,needle
màd¸-ßë,Kul=ní-dàrü
bándÕ,net
bát‡,ver
kìjÕ,w : to be
kàdÕ,xt to
bád‡-bôØ,ghtjar
ndöhó,ne
kö,ise
kôµ,nose
à•,not
gòtóö,not be any : to
kàÈï,nothing; empty; normal
tä,now
kùtÕ,number
bÕlà,numerous : to be
sé,odor : sickening
yä,of
yìb¸,oil
n‡mà,okra
ß‡gà,old person
ß‡gà,old person
dî,"on, in"
kóg¸» o,one o
n¼º,one another
ndíjä,onion : wild
ngóØ,only o
tŸþ,open : to
wóy,open : to be
té¯ o,oquid
hàl,p
bùÈùm,trich
màd¸,her; friend
ndágá,"t, outside"
kîÿ,l
ngè,ner
kúwà,ner
háØ,English –
nël,paddle : to
màÈ,palm tree : Borassus sp.
gè,palm tree : dum
njälä,pants
màktüb¸,paper; book
mùm,parent-in-law
à,Sara Languages
g¸,particle : plural marker
kèÈwŸy,partridge
ìgä,pay : to
wú-dùm,peanuts
ng¬yº,peel
ùñ,penetrate : to
mîtÕ,penis
güg¸,perform rites
dèë,person
ndòý p,person with same name
gòy p,pestle
k¼r¼,phlegm
düb¸ p,pile
ùgÕ,pinch : to
gîl-máµg,pipe : tobacco
tòo,pirogue
gümb¸Èü,t of fruit
bòng,"ace of, traces of"
lò,ace; time
kî,acenta
kóg¸,ay : to
-ï,ural marker
÷ÕÈà,pole with three prongs
mbínjÕ,porcupine
bƒyº,porridge
sòl,"porridge, liquid of"
jóò,pot : clay
sòb¸,Sara Languages
ßök‡,pour : to
ßök‡,pour : to
njèÈ,pour leaving residue : to
ndòö,poverty
kám-dî-Èº,praying mantis
ìsà,press : together
màndÕ,"pretty (girl, woman) : to be"
îg¸,"prevent, stop, refuse : to"
gät¸ p,price
"tàa,nàj¸",problem
nú«,propose : to p
ndô®,pull : to
ß¸ngä,"pull up, tear up : to"
wàs¸,pumpkin
mbùtÕ,punctured
màng,"rchase, buy : to"
wïy,s
ìndä,"t, place : to"
màm,thon
láy,ickly
màñ,rain
ßàÈ,rainy season
"ù£, ù£","raise, nourish : to"
yég¸,"rat, mouse"
y¬ngá,Sara Languages
kÕrë,red : to be
gíÊ,reflect : to
mbät‡,refuse : to
"gír-kòjÕ,ngè",relatives
n¼y,"remain, stay : to"
î®,remove : to
tëg‡ r,remove with hands : to
kïyá,residue r
gòtÕ,"rest, traces of"
té¥,return : to
bèñ,rhinoceros
sùngó,riddle r
kÅ,"ght side, right"
n¸ngá,"ng, bracelet"
sùk¸,nse : to
îû,pe : to be
jàng,val
bä,ver
róbÕ,"road, path"
k‡Èà,rooster
ngÕÈà,roots
kÕlä,rope
ndùm,rotten : to be
ngî,"rough, hard, raw : to be"
ngûd¸,running
höÈ,"saliva, spit"
kàt¸,salt
náñg,sand
ngá®,sand
tª¼,sauce
ìdà s,say : to
nà,"say that, to"
kîrí,scabies
nd¸já,scars
t¬ s,scatter : to
kók‡ràng,scorpion
ndÅç,ratch : to
ùsÕ,rub : to
ndÕlè,arch : carefully for
¼,e : to
kö,ed of
ìgÕ,ll : to
t¸ßä,"nd : away, to"
ìlà,send : to
gäng,separate : to
kó±,sesame
sïÈí,seven
ùÊ,sew : to
ndí¥,shade; spirit
yéë,shake : to
àtÕ,sharp : to be
îl,sharpen : to
ngÕsä,shave : to
hûp¸,sheathe
bàt¸,sheep
ngôî,shell
käs¸,shin
nd‡lë,shine : to s
sä,shoes
gïnd¸,short : to be
bûg¸,shoulder
n¦,"out, cry out : to"
ndÕlë,rivel up : to
ngö-kÇ,bling
ngîrîng,ckle
mÅy,ckness
kàdÕ,de
sïyä,sift (flour) : to
tèmë,sifter
hô±,sister-in-law
ndì,sit : to
mŸhÏ,six
ndä©,"skin, hide"
dî-Èº,sky
ßùlò,slave
ßï,sleep : to
jÕkè,slowly
düú,small : to be
òtÕ,smell : to
sà,smoke s
sü,smoke : to
söÈö,snail
lï,snake
ndùbÕ,snake : type of
átÕsö,sneeze
nüm,soak : to
sík¸,sob s
ngön,"n, daughter"
pä,ng
kÕmä,rcerer
gîjÕ,rghum
màs¸,ur tasting : to be
ndôb¸,ark : to
nÕngà,English –
súü,spider
tïb¸,"spit, to; saliva, spit"
njàÈ,"split : be, to"
gäj¸,split : to
këng,"split, divide, share : to"
njáÊ,"split, tear : to"
gè®,Sara Languages
È¸bä,squash : type of
mb‡Èë,squeeze liquid from : to
ßûn,squirrel : type of
ndàm,squirrel : type of
ndúÊ,stack : to
kàl,stalk :
tôØ,stalk : to s
rà,stand : to
"tƒyç,kÇyç",star
ßògÕ,steal s
kùjÕ,sterile person
îsÕ,"stick : into, to"
láä,ick to : to
kèm,omach
wòÈ,one for fortune telling
kömbëÈé,ool
dÕbà,op : to
súü,"story, tale"
ndáj¸,straighten
ngè£,straw (for torch)
tôgÕ,strength
süÈ,string : to
òng,strong : to be
dàbÕ,structure for drying grain
ndóö,"study, learn, read : to"
b¸dë,stump
täd¸,stutter
ìl,suck : to
njíb¸,"suck, kiss : to"
kádÕ,sugar cane
mbàng,sun
gët¸,support : to
tîÿ,surpass : to
túÊ,swallow : to s
tòtö,sweat; to sweat t
ìtà,sweep : to
lúnd¸,eet : to be
bängàw,eet potato
mbîÈ,eetsop
tág¸,ell up : to
àl,im : to
k¸lá,il
tàä,English –
ùn,take : to
màs¸,tamarind tree
gé±,tapioca plant
mb‡Èà,taste
nº,taste : to
nè£,taste good to (s.o.) : to
È¬yº,tear : to
ngäng,Sara Languages
kùtÕ,ten
yç,termite : type of
wº,termite : type of
ndàm,testicles
ní,that t
kàd¸,"that, so that"
k‡,"that, which, who, whom"
Ñ,"that, which, who, whom"
-d‡,them (acc. and obl.)
à,"then, and then"
nø,there (far off)
nÅÇ,"there, over there"
ndèÊ,ick : to be
ßîw,ick (liquid) : to be
ßú°,igh
òñg,in : to be
yª¼,ing
kÕndä,irst
kùtÕ-mÕ,thirty
kòÑ-làä,this year
ní,"this, that (emphatic)"
kûn,thorn
ngàÊ,thorn bush
dübú,thousand
mÕtá,Sara Languages
ìnä,throw : to
m¡y¼,tick
dÅç,tie : to
njà,"time, occurrence"
îÈ,tired : to be
ùr,to pound (grain)
k¼Èº t,toad
máµg,tobacco
ßöó-làä t,today
n¼º-t‡ t,together
dî-ßádÕ,tomb
bíÈí,morrow
ndÅ,ngue
gÕrè,ol for carving
îdÕ,uch : to
k¸,wards
güm,ap
käg¸,ee
dïl,tree : African mahogany
y¸dä,tree : Anogeissus sp.
jûnd¸,tree : Balanites sp.
"k‡-tû-kùm,ndöb‡",tree : Calotropis sp.
k¸Èä,tree : cotton tree
kòw,tree : Ficus platyphylla
mät¸,Sara Languages
dä,tree : Sterculia sp.
ßÕtà,tree : type of
ndèbÕ,tremble : to
mbä,"trip; guest, host"
mŸ,"turtle, type of"
ngó¥,"turtle, type of"
kùtÕ-jöó,twenty u
ndÕngä,twin u
sÕrè,twist (fiber) : to
ndüÈ,twisted : be
rùgÕ,"twisted, bent, to be"
jöó,two
ndï•,ulate : to
nän,cle (maternal)
gír,der; at bottom of
ngórò,ripe fruit
tút¸,tie
dîô,til
ngéd‡-màñ,urine
-jí,us (obj. of verb)
-jí,us (oblique); our
kÕ-ndäÑ,"uselessly, for no reason"
ngïr,vagina
kòng,venom; poison
ßë,village
yº©,vine : Cissus sp.
g“¦,visit : to
ndü,voice
tömb¸,vomit : to
mäl,vulture :
ngóö,wait for : to
ndó£,wake up : to
nj¸rä w,walk : to
gŸy,want : to
tógò,wash : to
gÕmbä,wasp : mason w
màñ,ter
käl,terbuck : type of
j-,terbuck : type of
Åç,"ar, put on : to"
sét¸,ave : to
òjö,ave : to
dîndû,web (spider)
nç,weep : to
bÕlò-mà,well
mböl,wet : to be
rí,what
"dàn-Ñ,lò-Ñ",when
r‡ngªy-t‡,when
rá,where
µ,which
k‡-rá,which?
ndéØ,whip
ndà,white : to be
nàsá±,white person
nªº,who?
täm-rí,"why, for what"
là,wide : to be
là,wide : to be
n¬yª,wife
mÕlà-bèm,wildcat
à,will (future marker)
né¥,nd
ßíÊ,"nd up, wrap up : to"
î£,pe : to
kÕ,th
sè-,th (with pronoun affixes)
-²,th him/her/it
kànj¸,thout
d¡yª,English –
nàj¸,"words, speech"
kÕlà,work
ndüs¸,worm-eaten : to be
ndàng,write : to
kúnd¸,xylophone
ngú£,yam
lóö,yawn : to
ßäl,year
tàg‡-ßèë,yesterday
-sí,you : (plural)
-í,you : (sing. oblique)
-ï,you (acc. sing.)
ï-,u (nom.)
-sí,u (oblique plural)
