french_term,Beb,Bd,Db,Gor,Gu,KbN,Kbb,Lk,Mb,Mo,Nar,Ngb,Sr,NgT
à côté de,mb$,r5,,gsd#,ra,,rs5,,ro,mbé,r5,r5,r5,
à l'envers,,,,,,,,£-mbawfya,,mèé,,,,màÿ
abeille de terre,b} y,biyà,,b}yè,tüjü-b},bèy,bi yà,bi y,b] yà,biys,b)yè,biyà,b\yà,
"abeille, esp. de",,,,,ké-tèé : KoN=-tàÿ,,,£-Cèé : Mh=ké-tèé,,,,té,ké-tèy,
abeille; miel,tèji,tèjà,tèi,tèji,tüjù,,tèji,tèji,tèji,tôjà,tèji,tènji,tèjà,
abri (animaux domestiques),bà1,bilè,bùl à,bô10,bôle,bùl à,bùl à,bùl à,,bôlè,b+1è,bùlà,bilà,bàlà
abri dans un champ,,,,,,,,kéy-1ù,,kéy-10,,k$y-1èb,,
absence de,t6,t6,,tôr,gùtù,,tuür,téro,gét£,gètà,gôti,tôr,gût;,
accompagner,dan,dan,dan,dän,dän,däna,dan,dan,dan,dän,dan,dan,dan,dan
acide : être,màs#,màs+,màs,màs+,màs+,k41a,màs#,màs#,,màs+,màsx : Ng9T-s£ma,màs#,màs#t,
activer (feu),ibà,ibà,ib,,ibà,,,pèr : Mh=ibà,,ibà,tübz,ibi,sètà,
acheter,ndog#,ndog#,nj1g0,ndog*,ndogo,ùbo,ndoko,ndogo,nd#go,ndog#,màng,ndogo,màang,nd+go
adorer; honorer,t5jx,t5jx,,,d3y,,,"polo,",ndüb,,ndübx,,,
"aigre, acide : être",,,,,ùdù,,,ùru,idè,,,,,
aiguille,léwri,n$b£li,,ibérii,libéri,nibiri,,11b1,1fbèr,1ibri,libèr,1fbèri,libèr,
"aiguiser, affûter",ÿ1,1,t#1,d1,dl,È1E,31,31,31,31,31,à1l,dl,
aimer,,,,,tär,nàw,,njigi,tàâr:Nar-tär,,,,tàr,
ainé de famille,dèr,dèr,dèr,dèr,dèr,ni-kÔ0,dèr,dèr,,dèr,häâg#,dèr,hàgà,
"ainsi, comme ça; seulement",bè,bè,,bàa,bè,,,,,bè,bèé,bè,bèe,
aisselle,màti-k$1,"mà,s#1l",s$1,màaksy,gir-s$l,mÔto-kaäm,mÔti-s$l,-modi-s$],màsé1,màasél,mbè-s61,mà-s$61,g{ir-s6],ki1
"alors, ainsi",dé,è,à,bè-4y£,béà,,à,"däà, némà : Mhb=àne",,"hél, $6:Nar-béà",,ndéà,à,àn1
aller,à,àw : Do=àw,,àN,àw,àbe,àÿ : Kul=àBe,àw,àÿ,dù,àw,àw,àw,àw
amer : être,àt#,àt#,àt,àt#,àt#,kâta,àt#,àd#,àt#,àt#,àt#,àd#,àtt,-kât#
ami,màd# : Do=mad,,,màad,màad#,,,njè-küra,,màd#,,küraä-mar,màadx,
ampoule,p61e,péle,,pôle,péle,,péle,p610,hf1e,p6le,h610,péle,h61o,hi1le
Le,koôro,kôro,kèd®©,kdroro,kdro,,kôroro,kôroro,,kôro,kdro,kôroro,kdro,kôro
iguille,,tum,,tum,,,,tum,tüm,,,tum,,
imal,da,da,da,da,da,)a,da : Kul=)a,,daa,da,da,da,da,da
"ineau, bracelet",£-nEngé,ningé,,$£-n$ngs,ningé,,£-ningäà,£-ningä,ningäà,$f-nfings,n#ngé,ningä,nængâ,
née,6a1l : Ba=6al,,,Bal,bäl,-Bala,Bal : Kul=Bala,bal,Ba1,6äl,bal,bal,Bal,B6al
née : cette,bäÿ-nè,k5ÿ-nè,,,kôn1i-1là,,w$él-nènñ,w5 {-nè,"kôn1i-nè8,kôn1i-nèe",ko Î-nè,k5ni-làa,w3 Î-nè,kôn-làa,kèni-1à
"née, passée : le",kà Î-nè,kà Î-nè,,$ali:Gu-kài,,,ké1-nè,kà Î-nè,kàlèe,ka Î-nè,kà Î-beé,,,
NoT=-bal-àa-béè,,,,,,,,,,,,kà Î-nè,kàf-Be,
annonce publique,mbe,mbe,mber,mbs r,mbs,mbe,mbsr,mbs r+,,mbe,mber,mber,mber,
antilope : espèce de,,mbüûr,,,mbür,mbii,,mbür,mbür,mbür,,mbür,,
antilope (cob de Buffon),,kaäal,,,kal,,,kal,kal,Kkäl,kal,kal,kal,
antilope (guib harnaché),,tèbà,,,,t66c,,,tôw,tôbà,,"tèbt, tobi",tôw,
antilope cheval,nàs#,nàst,nàs,nàs#,nàst,nàse,nàs+,nàs#,,nàs+,nàs#,nàs#,nàs+,nàs+
"antilope, bubale",,kàyà,,,,kà,,,kày,,,kàyà,,kày
"antilope, eland de Derby",,1lüûm,,,,ngénè,,$-1üûlüm,dûdz,,,lüûm,,
appeler,bär,ba,k5r,bar,bär,njàm.,bär,Bär,k$r,Ba,Bär : NaT=k$r,baär : Sr-bar,,
"appeller, nommer",pi,,,bar,bar,,,Bär,kün,"sdbr-dd, Baä:Nar-bar",,bär,,
appuyer,,,,,,,,,get#,gSt#,,,get#,
après,go,go,,,go,,go,go : Mh=go,,go,go : Ng3T=g90,go,go,
arachide,£$-géji,$-gàjà,,géji,kàbri,w61l1-gùrû,wüluüubü : Kul=wült,übü,,kàb1,wû-dùm,bül-ùbü,wû-dûm,
araignée,küü-ngà-gangxra,f-ngàti-Pe-gàna,,künga-g4ya,güm-dSgär,ki-bàsüû,$i-gamtàgar,$-gàfmàga : Mh=sûu,,gâämà-gama,k£-ngaréngàng,gâmagar,sûu,"sû-k£-ngon-kùr,süû"
arbre,kagt,kagx,,kaäg+,kagx,KkägA,KkAkE,kagz,Kkäg+,käg#,Kkaäg+ :N9gT-kaäg+,Kkäg+,kaäg+,
arbre : esp. de,y1ds,,y1d5,,y1ids,,yira,£$-vyira,yida,y1ids,,"dira,yira",y+da,
arbre : esp. de,,,Bits,,Bitè,Pùtà,Bitày,Pidà : M=bità,,ngé,bÈitè,Biaà,bità,
arbre : esp. de,,ké-KkägE,,,kém-kaägE,,,kém,,kéMm,,k$m,,
arbre : esp. de,,dä-k3,,,,,,,,däa,,,da,
arbre : esp. de,,jangx,,,,,,,jan)jz,)aäng,jond#,dângé,j)5nd#,
arbre : esp. de,,kdbà,,,kèbà,KÔBS,,kèbÈ : Mh=kôvw,,kdbà,,kÔbà,kdw,
arbre : néré,mat#,matz,,mat+,mat#,mato,mat+,mad#,,mat#,mat+:NgT-mat#,madx#,mat+,
arbre de karité,s1ys,s+ys,,s1lys,Kkiys,KI no,£-d5ÿ,£-d5 ÿ,KI ya,s0yo,Kk1ys,d5 ÿ,k1ya,Kk1yo
"arbre, esp. [Vitex doniana]",,màlè,,,,,,màak5r,,,,mà-kSr,,
arbre : cailcédrat,d11,d#l,j11,dil,dil,B615,mb5ké : Kul=6515,mbàg#,,d1l,d11l,mbàg#,d1l,-d1l
arbre : esp. de,,koy-kagx,,,,,,,bèûto-tàw,kägr-kèm-k0,mondo,käm-ndà-bina,"k£-t5-küm,ndobé",
bre : kapokier,Kkürs -süu,küns,,kürs,kurs,,Kküra,kura,k£ra,küns,kÆrs,küra,krra,kzra
bre : palmier doum,$-gariya,$-gàrära : Gor-=gâr1ya,,,gariya,,,$i-gariya,gäây,"tàn,gär1iya",gây,gàÿra : Sr-gèr,,
buste : esp. de,,,,,tà : Mh=jinga,,,,,k£-né-je,jèngs,,,
buste : esp. de,,£-mongé,,,mongiyo,,,,k£-mong,$£-mongx,,käm-mong,mung,
buste : esp. de,,gûm,,,,,,gém,güm,,g6m,,,
buste épineux : esp. de,ngàa,ngàa,,ngàn,ngàr,,ngàr,ngàr,ngàr,ngàa,ngar,ngàr,ngàr,
buste; feuille,käm,käm,käm,käâm,käâm,kämbà,käm : Kul=hämvà,käm,käm,käm,käm,käm,kämbi,kämbé
-c et flèche,kénd#rs,kündèirü,,kSénd#rs,mbändäng,Bùlè,kéndoro,kéndoré,kèra,mandäng,g#rs,bäéndäng,-gèra,
arc-en-ciel,,ngà-b+rs-nd1,,,k£-münds -Ba,kSmbe,,ngàw-büra-nj1,k£-dos£-bzra,,ngè-b+r5-nd1,ngàw-büra-ndi,,
argent,,güsù : Do=pâtà,,nàr,nàr,mälè,nàrè,làr,,là,"güûsè,nàr",gûsù,gürsà,
argile noir,ân)+,wân)jx,,hänj+,änj+,kéngè,änj1,én)j1,hänjé,än;,bôr-6,énj1,länjà,
argile rouge,,nèibè,,,nibè,Kkf yà,,1ibà,nd+bà,,nd+bè,1ibà,,ndibà
arracher,,,,,büngs : Mh=Bingä,,,,,büngs,,,brnga,
"arrêter, s'arrêter",d3-bü,,dübà,,,,,,dibà,,d+bè,,dibà,d+bà
arriver,tèe,,,,dèe,kâà,tèe,,,tèé,,,Ôtz,
artiste,,gos# : Gor-gost,,,gosx,kÔde,gos#,-qusüu,gos#,gos#,,gos0o,gosxE,
"asseoir, se",si,Èist,inji,si,ndi,injt,isi,isi,ndi,,,,,
- Langues Sara,,,,,,,,,,isà,ndi,isi,ndi,ndà
|'assez: être; suffire,àsà,àsi,às,àsà,àsi:KbN-àsà,,àsE : Kul=àsà,àsi,às,àsà:Nar-àsà,,àsi,-àsà,àsi
asticot,kodè,,,,,kùjè,,kôrè,kidè,kôdè,kèdè,,,
attacher,t$,d35,d35,d35,d25,ija,d5,t5,d35,d35,dà0,té,-d00,ida
- | attendre,ng£ns,ng£ns,,ngéns,ngôm,àkÔ,ngéb#,ngéb5s,ng60,ngins,ngôro,ng$b#,ng60,ngého
attraper a la volée,,1à,,,là,käka,,1äm,gäw,,là,lâm,l4a,
aubergine,nj0,nj0,njôr,njor,njor,njoro,dündäéy,dündäy,njôr,njo,njor,njôr,nj0r,
augmenter en volume,si,s1,,,,àgo,,,àg#,,,,àg#,
aujourd'hui,bé-nè : Ba=b6-nè,,,Bé6-nè,$i-1àa,yàa-ré,55k£-nè : Kul=dyéarà,66g£-nè : Mh=66-1àa,,bé-nè,B6-1àa,65g£-nè,666-1àa,
autre,,,jäng : Kul=n5f,,,,,däng£ : Mh=däng,,,,,,
"autrefois, auparavant",mâri,mâri,,mâri,méri,,dôngdr-é,135w,méri,"1ow, nd>k£",mâri,,,
autruche,P5ù,bü,büiü,bü,bägi,gà,Bü,Bü,,bü,bürüm,bü,bürüm,bùrèm
avaler,tù,tüû,ùr,tuf,ùr,dli,ùrù,,,ù,ûr,ùrù,tür,wûr
"avant, entre-temps",kété,k$été,,kété,kété,gétè,kété,kédé,,kété,j6ÿ,kédé,kété,-kété
avec,Kkà,kà,i,kÈ,sè,ge-nè,KÈ,gà,,kà,kè,gà,kà,tÈ
avec (avec pronoms),sè-,sè- : Dbh=sè-,,sè,sè-,,sè-,sè-,sè-,sè-,sè,sè,sè-,sè-
avec [qc dont on a parlé],-né,,-ñ,-ù,-n,,-né,-né,,,,,,
{=,,,,,,,,,-à,-né,-nèé,-né,-n,-ñ
reugle,,mÈènd#,mindo,,,,njè-küm-t5 : Mh=mündo,,,,mündo,,mündo,
reugle,,,,njè-küm-to,njè-küm-t5,,njè-küm-t5,njè-kèm-t5,ngè-küm-t535,njè-kèm-t5,ngè-küm-t5,njè-kèm-t5,ngè-kùm-t5,
"roir de jeu, mal serrè",ySk#,ySk#,,y$kt,y$ké,ySKksS,,y$qge,ySk#,,y9k£,y$g#,,
roir des rapports sexuels,ndàl,ndàl,,,àndE,,ndàl,kèrs,sÔr,ndàl,àndz,ndàl,ànd#,
"iigner, se baigner",ndôg#,ndôg#,ndôg,ndog#,nd0go,nj)0bo,ndokso,ndogo,ndôg#,ndôg#,ndog#,ndogo,ndèg#,ndogo
iiller,16,16,160,16,16,néw,16,16,160,16,16,16,160,16
ilafon,künd#,kündx,,kündE,kündü,kündün,kündu,kündu,,kündt,,,,
Français :,,,,,,,,,,kündü,künd#,kündu,kündx,künd#
balai,ndèss,ndèss,ndisa,ndiss,ndiss,)jàko,ngisàä,£f-ngisa,ndèisa,ndiss,ndèss,ndisa,ndisa,ndèisa
balancer sur la tête,yér,yér,,,dèl,,,yér,yär,y$ér,,yér,yär,
balayer,Èitè,itè,ùtà,ùts,ùtè,dûu,ùt à,ùndà,tà,itè,,ùwà,ità,
balle de grain,t:s6,ngdy,,tèisé,tisé,tisà,,tisé,tèsé,,tigôn,tisé,tisä,
barbe,mbaÿ-tà,mbäy,mbaäaÿ,mbäy-tà,mbaÿ-tà,mbiyé,mbaÿ,mbäy,mba ÿ,mbâäy-tà,mbaÿ,mbayÿ,mbaÿ,
"bas, en bas",nàng£,,bèf,nàngé,nànñg,ngà,,nàäng£,bèf,bèé,nàng,bèf,nàng,
bassin; rein,dun,düun,,dûün,dün,kümär,dun,düun,dun,dun,dun,dun,dun,dün
"battre, frapper",indè,indè,ündà,èndè,ündè,,ùndà : Kul=if1,ùndà,ndà,indè,indè,ùndà,indà,indà
beau : être,bàsà,bàsà,bäsé,bàsé,bàsä,,küra : Kul=nàpà,mày-ngàw,,bàsà,bàsä,bàsà,bàlsäà,
"beau-frère, belle-soeur",s4)x,s4)#,sài,54j7,s4j#,säyo,s4j#,,sàj£,s4j#,s4)jr:NgT-s4j#,,séj#,
"beau-père, belle-mère",mèm,mèm,,mèm,üm,mäm,üûm,müm,,mèm,Üm,mèm,müm,
beaucoup; très,ng4y,bôrè,ngéy,ng4y,ngây,day,ngây,ya,ng4y,ya,ngây,ya,ng4y,ngéy
bégayer,nèdi,tad#,,,gagér,nügü,tèndi,,,badz,tà4dx,tèndi,tadr,
belle : être,màndi,màandi,mànd,màändi,mändi,kùya,màndi,màandi,,màandi,màndi : N9T=màandà,màndi,màandi,
belle-soeur,wär,wér : Do=wäd,,wâr,wâr,,wâr,ngo-wâr,,wâr,wâr,wâr,h6t,h$r
"benjamin, benjamine",,,,,"tà-mbà, dütuü : M=düté",,,,,dût,,,tà-rût#,
bière de mil,,,,,y1b+,,,kodo : Mh=y1b#,,y1b#,,,,
bière de mil,bi1bil,b£1bÈ],bil-bil,b£i-bÈl,bil-bil,bf1i-bili,bi1-bil,kodo,bi1-bil,,,bil-bil,bil-bil,kàsi-mbhûr
blanc : être,ndà,ndà,"ndà, è6",ndà,ndà,njàhà,ndà,ndà,ndàa,ndà,ndà,ndà,ndà,ndàhà
"blanc, Européen",nèàsäér,nàsär,,nàsér,nèàsär,nèàséra,ndaf -ndà,l4w-ndà,nèàsär,nàsär,nàsâr,nèàsäâr,nàsâr,"nàsât,"
"boeuf, vache",màng#,màangx,mànñng,màangx,màng,sa,mang,màang# : M=màng,,màng,màang,mang,màang,
boire,àÿ,ày,ày,ày,ày,ÈE,ày,ày,àÿ,ày,ày,ày,ày,àÿ
)isson,y1w,kàsà,,y+wi : GuU=y1b+,,,kGto,,kàsà,,kàsi:NgT-kàsi,k1do,kàsà,
)isson alcoolisée (fort),äârgè,,äérgè,ärgè,ärge,,äârgè,ärgè,ärgè,ârge,ärgè,ärgè,yérgè,
nn : être,mà;j,mà;jà,mbe,màj +,mà)jà,kôr1,mà;ji,mày,mà j à,mà jà,màjà,màji,màjà,mà)jà
sse (la),gène,gÈnè,,g£#15,,gùy,,ginà,"gènà, gènà",ginè,,ginà,,
UC,bäl,bàl,bàl,bàl,bàl,bàlà,bàl,bàl : Mh=bàl,,bàl,bàl,bàl,bàl,
uclier,,dè,,,dèr,kütà,,dèr,,dèr,dèr,dèr,,
uche,tà,tà,tà,tà,tà,tà,tà : Kul=tà,tà,t à,tà,tà,tà,tà,tà
ue,bôr,bèr,bèt,bôr,bôr,bôté,,,,,,,,
Français :,,,,,,,bèr : Kul=bôd5,bôr,bôr,yings,bôr,bôr,bdr,bôr
bouillie,biys,biys,,biys,biy,bf ya,biya,biya,biya,biys,bfys,bfya,biya,biya
bouillir,leg£f,159#,1eg,0l1e,ole,,18k£,15gf,1eg£,dle,èle,d1E,neg,neg£é
boule de mil,mûd#,"mùd#,mür",bina,mûd#,mèr,rokù,müru,bina,mbùr,mûr,mùr,müru,mèr,
bourrer; pousser : piétiner,mbGy,mboy,,mb+ss,drè,ùP à,mbüsü,,bà,ùbè,mbüsz,ùbà,"irè, iPà",Bà
"bousier, scarabée sacrée",,£-bif-si,,,bii,,,£-bii-si,k£-bii,b1-yisi,méng£rè,bi-si:Sr-bii,,
braises,vyal,yal,,yal,yal,,yel,yel,,yal,yel,k5r-pèr,yel,
brindille sèche,ng5w,ng5ngèrs,ngo,,ngéng-rsng,,ngsw,ngsw,,,,,,
- Langues Sara,,,,,,,,,ng6o,,,ngsw,ngo,ngo
"> |briser, casser",büd#,t5 : Dh=t5,,t5,ts,t5k5,t5,t5,,t5,t9,ts5,to,
brouillard,müm,müm,,müu,büm,gümséè,müm,müm : Mh=büû,,müm,k£-buü-bù,müm,dim-sil,
brousse,mù,mù,,,wàlé,g5be,mù-û,mù,mèûu,wàlé,wà,wàl à,bèmbèé,
bruiner,,yém,,,,,,,,yém,,,yém,
bruit,Kké,"kà, ké : Do=kä",,kà,kä,,£-kti,kà,,"ndu, käâ",k5f,kär,ko,ké
bruit de désapprobation,,,,,nj$tà,,,,n)j#6r,nj6ti,,,ngüûr-màs+,
brûler,d,,0,0,ù,3n9,ù,0,00,d,d,0,ù,
bûche,ngs,ng,,ngà,ng,,,,ngà,ngà,ngà,ng,ngd,
buffle,ddgi,dôgi,dàg,digà,dègà,dÿg3,d3kù,dÔg9i : Mh=dÔgi,,ddgà,ddgi : NT=dgi,dàgi,dûgi,
cacher,déi,55y5,,déw,B5y3,,,débz,déw,dèbà,B5,dèb},débz,
cacher; tendre,]ys,Èys,ùya,]ys,ùys,iya,iya,\iys,,1ysS,iys,i ya,Bb5,b5
cadavre,n1n,nxn,nin,n1n,n1n,nunû,nin,n1n,nin,nin,nin,n1in,nin,nin
"cailloux, pierre, montagne",èr,mbàl,mbàl,mbàl,mbàl,,èr,mbàl,mbàl,èr,mbàl,mbàl,,kôhôr
calciner,,nèt,,nûts,,,,,rûto,,nût#,,rèto,
calebasse,£-ng6,£-ngé,ng6,,ng6,kihé,£-ng6 : Kul=härü,£-ngé : Mob=ngé,,£-ngd6,kär,ng6,k5y,
calebasse - cuillère,£-d1i,jènt,,ké-d1i,jènt,5èn1,kärambe,kôr-gè : Mh=jènt,,kar-mb1:Nar-=jènt,,kär-mb1,kùm-Kk5y,
"calebasse, esp. de",,kü,,,kü,güûù,,Kkuü,,ku,,ka,ku,
ilme,,,,,nding : M=nding,,,,,nding,,,nding,
illosité,,,,,m,,,,,mùy,,,mat+-kaf,
"imarade, copin",nam,gàr,,gèàr,,bàkürà,näm : Kul=tà-hàbe,,nam,màad#,,küûüra-mar,màad#,
iméléon,£-1fye,£-1:ysy,,f-11yé,13-m1y60o,ki-nügabala,£-11ya-h#y,£-1l1ya,k£-13y,,1l1ys,1fya,l1ya,k£-noh6y
inard,ndäw,ndäb#,ndäb,ndaäw,ndaäb£,ndäbé,£-ndäb£,ndabé,ndabé,ndab#,ndäbé,ndabé,ndabf,
inari (pour la bière),gèm,,,,,Püya,,dùrà,,gûm,,,,
incère de la peau,bày,bày,,bày,,,,,,bàsèrang,,bàyna,,
inine,,,,,,,,,s£lé,kiys-ngangx,,,sèile,
inne de sucre,kädx,rège,kési,käâdx,kéd#,,i-siya,£-s{ya,kéädé,kâd#,kâd#,rège,kädà,gäd£
caracal,,j)5m,,,,jeme,,)em,jam:Nar-jem,,,jsm,,
casser,tèti,tètà,,tètà,tètà,tàtè,tèti,Cèdi,tètà,tètà,tèti,tèdi,tètà,
"casser, rompre (fréq.)",,,,,tüjé,,,,,t1i5,,,t$ja,
causer à nuit,,,,,,ndéle,,,,ndàl,,,,
"ce, cet (emphatique)",lé,,y6,,ngàä,,,dé,yé,lé,né,lé,ni,n0
"ce, le",kfnù,dé,,k£n,nè,,nèn : Kul=rà,,"nd, nà",k£n,"n-ndû,n-nû",nè-lé,ni,nfi
célibataire,büwè,büwè,kàb,büws,süwè,mdd$à,ngé-büwà,£-ngàw-bà : Mh=biwà,,ngäbd,sûwè,ngàw-bà,,sibà
cendre,bu,,bü,büû,bü,Bükü,bü,,büu,bü,bü,bü,bü,bü
cent,Pû,Bû,ùgànà,bû,àrü,k6d-müté-bi-d3gà,dà-d3kà,t51,,,,,,
- Langues Sara,,,,,,,,,,Bü,Bü,t51,Bbû,bü
"centre, milieu",dàn,dàn,dàn,dàn,dàn,dànà,dàn : Kul=dänà,däàn,dàn,dàn,dàn,dàn,dàn,dàn
céphalophe à flancs roux,,pèn,pèn,,,,,pàn,pân,pan,pànà,pan,,
cerémonie d'initiation,ndo,ndo,ndo,ndù,ndà,,bèl,1âw,,ndd,ndo,1lä4w,ndo,
cicatrice,ndaj£,ndä;j#,njt)à,£-nd$j5,ndujé,,ndajf,,nd1 jà,ndaj#,nd#jé,ndajfi,nd#jà,
ciel,dà-raä,dà-ra,dàra,dà-ra,dà-r3,nd-ya,dà-ra,dàra,dà-räa,dd-ra,dè-r3 : NgT-dra,dàra,dd-ra,
cigogne marabout,,,,,lùbo,nobo,,,1Èbô,jùti-man,1dbo,,,
cinq,m£,m£,mi,mi,mi,mii,mi : Kul=mif,mf,mi i,mi,mi,mi,mi,mi
"cithare, harpe",kèndè,kèndè,kündè,kèndè,kündü-jèñg,,kIndè,,kindè,kèndè,kèndè,kôndè,kèndè,
civette,gujs,gujs,,,,;jàmbé,quja,tèw,g1ja,güjs,g#)s,nja-bông-digi,g+ja,
clair: être; allumer,ùnjx,ûnjx,,ùn)j#,ùnju,0j1,,,ùn)j+,ùnju,ùn)?,injt:Sr-=ùn)#,,wWûn)j+
"clair, propre: être",àr,àÿ,àr,àr,àr,ndis1,àr,àr,,àr,,àr,,
clitoris,kàn,ng#r,,,kàän-ngir,süuüû,ngir,,,ngir,,ngàw-kàn,g0-ng1r,
clôture en bois,,,,,,,,,gdng,gàli,,,gong,
cob des roseaux,,;jàl,,,,yà10o,,àI,;jàl,;jàl,,jàl,jàl,
coeur,,f5ngzrs,wür,,,,,BSngzrs,k£-ngon-bir,,küjr-mosE,-bsngsrs,,
colère,ong#,ong#,hong,ong#,wong,,ungu,wüngü : Mh=wong,,wong,PGng,wong,wong,wong
coller,tiys,t£ys,,tiys,làb#,,,,,,,,,
cc,,,,,,t 1 nà,tiya,Ciya,tiyé,tiys,t{ys,tiya,,
")ller, se",1àw,,,ànd#,làb#,nàBa,,,,t{ys,laé,làbz,làa,
mbien,bàn,bàñ,bèdi,bàñ,kändäng,ndokü,känd£é,känd#,bàÿ,kändäng,kéndéng,bànñ,kénéng,bàÿ
mmen t ?,bàn,bànñ,mbà,bàñ,bàÿ,,tokü-bàn,bàn,bàÿ,bàn,bàÿ,bàn,bàÿ,
mpter,t£ids,tids,,tüds,tüté,t$639,türa,türa : Mh=t£dé,,tids,t£ds,türa,t£da,
)ncerner,ùsi,ndètz,ndèt,làg#,ùsu,,,Ôds0,,ùsi,"ndèti, tèe",ùsu,ùsi,ùsà
»ncombre,kès£,$-kès#,,kès£,kèsét,KOKI,küsü,kôoso,kds£,kds#,kôs£,kès#,kds#,
nfier,65,65,,,,,,,655,,,,,65h5
confier un travail,ndèe,ndèe,,ndégx,ndèe,,,ndè y,,ndèy,,,,
conseiller,d3i,,d],djà,,3y5,t5j7,ndS j{,3j#,djÈ,gér£ys,nds jt,dj+,
consoler; bercer; tromper,g61,g61,,"g610, gél",gèr,,g61,gé1,,gé1,g61,gé61,g61l,g61
conte,sû,f-sû,,sû,süû,; €,sû,£-sû,süûu,tà-sû,sû,sû,sûu,
convoiter,ndEngs,ndængs,,nd#ngs,ndings,,nj1nga,njinga,ndinga/ndinge,ndings,,ndinga,nd+nga,
copain,màd#,màd#,,màd#,màd#,,njè-mar,küra-màr,màd#,,màadx,màr,màd,màd#
coq,küns,küûns,,küns,küre,,küra,küra,k£ré,küns,k£rs-kænjé : N9T=-kéré,kûra,k£rà,
"coquille, écaille, écorce",ng$y,ng6y,ng$,ng6y,ng,,ng$,ng6y,ng$$,,,,,
- Langues Sara,,,,,,,,,,,ng%,ngéy,ngéà,ng5hs
corbeau,käégà,kägàa,,kéga,gèàé-ga,,i-gàé,£-gàa,,gä-gàà,kô-ga4,gägà,kéa,kéhà
corde,kùls,kùüls,,kùls,kùls,,küla,Kkù13 : Mh=kÈ13,,kù1s,kè15 : Ng9T-kila,kùl1a,kè1a,
corne,gàji,gàjà,gà),gàji,gàjà,,gàji,gàji,gàjà,gàjà,gàji,gàji:Sr-=gàjà,,gàjà
corps,r5,rs5,da-r5,da-rs,ra,ys5,rsS : Kul=ys5,da-r5,ro,r5,r9,da-rs,rs,r0
côté de: à,kàdi,kàdi,,kàdi,kàdi,kàj0,kär,mb$r,kàdi,kàdi,kàdi : NgT-kàdi,kàr,kàdà,
"côté, poitrine",kàdài,,bô,kàdi,kàdi,,bà-kàr : Kul=haj0,kèàr,kàdi,kàdi,kàdi,kàr,kàdà,kàdà
coton,büy,büy,,büy,büûy,nàlwé,bi,bi,bù Î,büy,kübz,bi,kub+,kübE
cou; gorge,m£ndz,ménd#,k$b,mindx,k$éb#,mindi,gést,géb#,k$$,mind#,k$,"gébz, gésx","k$3,minai",
couché : être,t0,to,to,to,to,nday,to,Et0,,to,to,to,tù,to
coude,kàèm-si1-)1,s#1,ki1-i1,kil,k{l-jr,,ki-k{l-jt,,kil,sil-j1,kil,kil,kfi,
coudre,ùu,ûûu : Dh=ùr,,ùr,ùr,ùy,ùru,ùrû,,ùu,Ùùr,ùr,ùr,ùr
couleurs; dessin; lignes,Bä1,b41,,Bél,ndajé,,,,k£ré,ndaj#,bél,ndaji:Ssr-bâil,,k£dé
couper,ijè,ijè,ijà,ùjè,ùjè,jàhà,ùjà,ùn)jà,jà,ijè,ijè,ùnjà,ijà,+jà
couper en morceaux (les os),,3jà4g#,,,,,,,jà4g#,jàâkx,,,jéng,
"uper, hacher",t£gs,t£igs,tügé,tügs,,ùügà,tüka,tüga : Mh=gà,,tügs,ègè : Ng9T=-igà,tüûga,igà,
"urber, plier",ùd#,,,,binds,,,,bènda,raté,bènds,,bèinda,
"urge non-comestible, esp.",,,,$i-gowérx,,,,£-gèbérs : Mh=gowûr,,g5b£rs,,gèbérs,,
urgette : petite,ruws,r+bs,r1bs : Gor-=ruüuws,,,,,r1ya,rüwa,r1bs,,r1ya,r+#ba,
urse; courir,ng5d#,ngod#,ng5d,ngod#,ngod#,,ng5r,ng5d#,,ng5d#,ngodx,ngodx,ngodx,ng5d#
urt : être,gdji,gà;jà,g3)j,gàjE,gàji,ründü,qgà;i,"g93;jà,",gdji,gd;jà,gindz : NJT=g9jà,g3i,gindz,
uteau,Kkiys,kiys,,kiys,kùys,Kkù ya,ki ya,kiya,,kiys,kiys,kiya,kivya,
uteau de jet,miys,"gôngzrà,",m]ya,miys,mi yS : KEN=bIKkD,,miya,miya,,,,,,
Français :,,,,,,,,,mi ya,miys,miysS,bäém,mi y,
couvercle du grenier,,kébe-tà-dàm,,,,,,,t£6o,k6b#,k6bo,,kübs,
"cracher; crache, salive",t1iw,trbz,,tEw,tIibz,t1l,,,t1iw,,,t1b1,t1b#,
craindre; peur,5s Î : Ba=65 Î,,Boi,66Î,bs Î,belé,BE {,BS {,65i,Bs Î,65Î:NgT-651,6s Î : sr=b5i,,
crapaud,£-ngàgi-d1,kàz,Kkèàr,kèn,kàra,,$-nginay,£-bôdéro,kàr,ngébètrè,kèra-bôté,ngir-bèdirè,kèra,kàr
crépir,,,,,tiyé,,,rong#,d0,,lông,,ù,
creuser,ùr,ndSr : Do=ùd,,ùr,nd8r,dri,üùrù,,ùr,ùr,nder,ù,nder,nder
cri d'alarme des femmes,,,,,ûw-wiy,ûs,,,w 1 y,,,,,
crier,n5©,,n0o,n0,no,t{1,Kk1I,nS,kGo,"£-küÿ,",n0,no,,
crinière,,bôlè,,wèlè,wül,b11),,wolè,,,,,,
- Langues Sara,,,,,,,,,,wdl,Bd1d,wôl,wôl,
criquet dévastateur,,$-bèté,,,k£i-bèté,,,£-bèdé : Mh=k£-bèt#,,f-béte,gà-kère,,,
crocodile,mà,"màrà,màrèim",mar,mar,màrà,k{-Fàlè,màr,màr,,mà,,mèàr,màr,
croquer,ngè,,,ngèr,kdk£1 : Mhb=ngdr,,,,,ngè,ngoro,ngèr,ngùr,ngôr
cuire,ndir,ndaà,nj1ir,nd1ir,ndir,ndèri,njtri,n1r,ndir,ndir,ndir,nd1ir,ndir,nd1r
cuire [la sauce longue],kül,kül,kül,küûl,kül,,kül,kül,,kül,küûl,küûl,kül,
cuisine,,,,,,,,,gàr,kéy-pàkà,gàrà,,gàr,
cuisse,bèing#,bèng#,baäng,bingz,bing,bôli,birng,bingi,bing,bing,bür,bing,bür,bing#
"cuit, à point : être",èd#,Èdx,èd,èdx,id#,kéjt,èr,èFr,èdz,id#,id#,èr,idz,
cultiver,nd35,ndàr,nds,ndà5,ndàr,njàka,ndd5,ndà,nd35,nddr,ndr,ndà5,ndèr,ndèr
cynocéphale,màdi,màdi,màd,màdi,Pèt:-màdèr,màdà,bàngiràng,bàng+rà,,màadi,màdi,bàngilà,màadà,
chacal,tàl,tàl,,,tàl,tàl-bo6,,tàl,tàl,tàl,,tàl,tàl,
chameau,)ä4mbàl,)4mbàl,3ä4mal,j)ämbal,lùgimà,) 4màlà,)4mbaàl,)j4mbàl,jämbaàl,jämbäl,)4mbàl,)ämbäl,jé4mbàl,)4mbal
champ,"kÈlè, ndà5",,kèm-nd95,"mè-nd95,",kèm-ko,,"tà-nd35, nd5 : Kul=màgi",ndÿ,k5r,ndèr,,nd35,ndir,
champ en jachère,,,,,,,,dàlzm,gäw,bày-1,,,,
champignon,Pôyd : Ba=Boyd,,,bôoy,Bèoyè,mbow,Bè : Lx=Eè,,bèe,Pèyà,Pôyd,Bèyè,bèyè,
"anson, chant",pa,pa,pa,pa,pa : KoN=1a,,pa,pa,paa,pa,pa,pa,pa,pa
1arbon,kül,kül,kül,kül,kül,külù,kül,küluü,,kül,kül,külu,küûl,kül
1arognard,mal,mal : Do=mal,,mal,mal,,mal,mal,,mal,mal,mal,mal,mal
asse; dieu de la chasse,ndo,,,,,,,,k$1,ndd,,ndo,,
asser dehors,,,,,,,,,s$k#,sùkt,,,sôk#,
at,bàtü,bàtü,,bàtü,bàtü,ndäw,bàtü,bàtü,,bàtü,bàtü,bètü,milà,milà-kèm-beé
at sauvage,mÈilè,mÈilè,,milè,mülè,mùl à,mül à,mùlà,,mülè,milè-k£-wàé,mùl à,milà-bèm,mÈlà
1atouiller,,kif,,,gètz,kâtI,,ngérs,kÎte,,keté#,gid1,,
aud : être,t£ngs,"tèngs,",tinga,n£ngs,tüngs,,,,,,,,,
Français :,,,,,,,tünga,nünga,tfnga,tüngs,t£ngs : NgT-ténga,tüûnga,tènga,
chauffer la base d'un arb,3ù,9bE,,,db#,SB5,,Sb#,dù,3bE,Ôb#,Ôb#,dw,
chaussure,sa,sa,poro,sa,sa,saka,sa,sàbàgù,säa,säba,sa,màarkébà,sa,tara
chauve : être,ngs,,,ngà,ngà,,,,ng33,r,ng,ngs,ngà,
chauve-souris de maison,,,,,ngdkèr,,,do-kéw,,ngdkèr,k£-ngdkèri,dà-1ù,,
"chauve-souris, esp. de",dow,do,dow,dow,do,dôngi,dow,,,do,dow,do,dow,dow
chavirer,ndùy,ndùy,,déw,ndaùy,,j1,ndùy,,ndùy,,ndi,,
chef,ngat,ngat,,ngat,ngät,kéngè,mbäy : Kul=kéngÈ,mbéy,,ngar,ngar : NJT=ngar,mbàng,ngär,
chenille (sans poils),tàw,tàw,tàw,tàw,tàw,,tàw,tàw,tài,tô,tàa,tàw,-tàw,
chenille poilue,$f-13à1a,,,njûws,ni{ib£,,,bâlèdé,n)jüûwà,,nj£bs,1à4g$f-1àa,nj£fba,
chercher,säng#,sa,séa,sâng#,säng,séle,säng,sâng#,säng,säng,sa,sa,sa,sa
cheval,s£nds,sinds,sûündé,s£nds,sfnds,künda,sünda : Kul=sünda,künda,sindé,sinds,s£nds,kûnda,sindà,s£ndà
) cheveux,bisz-d3,bèisr-dù,bii-d5,bii-dù,bit-dè,ng95,biI-d5,bi-dà,bist-d5,bèl-aù,yingà-d,yingà,ningà,
cheville,,kûkèlü-njà,,,,àlè-saka,,dd-kàw-künjé,kùr-k66-njà,,,,,
"chèvre, cabri",b1 ys,biys,b1 yä,b1ys,b1 ys,,b1 ya :Kul=vina,bI ya,b1 ya,b1 ys,b1 ys,b1 ya,brya,b1 ya
chicotte,àbilày,àbilày,,,ndéy : Mhb=àbilày,,,,,ndé y,,ndé y,,
chicotte,ndéy,ndéy,ndéy,,,,,ndéy,ndé,,,ndé y,ndéÿ,
chien,bûsx,b£s#t,bis,büsE,bist,bisi,bist,bist,bis£,bis#t,bist,bist,bisi,bisé
chiffon sur la tête,,,,,ngès : Mh=ngdo,,,,,ngès,,,ngd0,
choisir,mbétz,mbétz,,mbât+,mbér,hée,mbérz,mbérx : Mh=mbédx,,mbét#,,mbér,g+ra,
chose,né,né,yé,yé,yé : Kul=n4mu,,,né,yéa,né,y4,né,yéà,yé
chose dégoutant,,,,,,,,yèm,vyèr,yè,,yèr,,
d'abord,taà,taà,kém-ta,taé,taà,,Bé : Mh=t34,,,ba4,p4-tä,B4,"tàä,pà-ta",-tä44
dans,mè,mèe,kèm,mè,kèm,kàm,mè : Kul=hàm,mè,kàn,mèe,kàm,mè,kèm,kèm
danser,1è,1è,10,1è,1è,n)fk1,IlÈ,nè,10,1è,ya,1è,ya,ya
chirer,t1if,tri,,t1i,t{l,taha,tTf : Kul=ndili,ét fi,tii,tii,tii,tri,Flya,"tii,njàr"
dans,tit£,"trté,tité",,-mè-t#,tütü,,kèt£,kèné,tité,tité,tuté,dàn-g£f,tüt#,t5-t#
hors,tägà,ndägâ,,tâgà,nàtà,gàs1,rakà,dégäà,,ndét#,ndà,dégé,ndégé,nètèé
jà,ngàa,bé,,"wdy, ngàa",b4,,,,,ngàä,k5$,mbé,"b4,",
main,10-t1,10-t1I,1lôt1,1lôt1i,bàrè,y5-bit,bàré,bàärà,l1d0-t1i,"bôrè,bèrè",binf,bèrè,biri,-10trht
mander l'argent emprunté,$aängz,,,bangz,baäng,,,baängz,bäng,,,,,
"demander, poser (question)",dèji,dèjà,njijo:Gor-=dèjà,,dèji,jirè,ndù)ù : Kul=)jidyo,dè)i,ndi)jè,dè;,dèjè,dèji:Sr-dijè,,ndijè
démanger,nd0s,ndo00,ndo,ndo5,,njùnu,ndo5S,nd0c,nd00,ndo5,nd00,ndoo,ndoo,
démener; arracher,näg£,nag#,,,,,,när,,nàr,,nar,,
dents,ngang#,ngangz,,ngangx,gègi,ngangä,ngaäang,ngang#,ngang,ngang,ngang,ngang,ngang,ngang
dépasser,t3y,Èts,tôy,t9ÿ,dûm,sàW,ùta,dûm,,tdy,"tôy, dûn",t3y,tày,tÿ
"déplacer, se",3t}E,,,dtà,nd$été,yäy,ngésE,"ddË,ngésx",ndétz,té,Ôti,ddi,nd$t#,
déplumer,t5r,t5r,tér,tér,tér,,t5r,,rètà,tér,r6y,t5r,,rét#
déranger,)5g#,n)#b5,,tépé,ndd,,)5kü,j5gx,,)5g#,nj£bs,tébz,nj£ba,nj£ba
derrière,gidà,gidà,gid,gidi,gidi,g5,gir,gir,gidi,gidà,gidi,gir:Sr-=gidà,,
descendre,dùsi,"rèisà, rûsà",dis,ùr,disi,rèji,disi,,disi,disi,disi:NgT-disi,disi,risà,
descendre; entrer,ùr,ùr : Do=ùd,,"ùr, ùr",,,ùrû,ùr,ùdi,ùr,ùdà,"ùr, ùr","ùd},",
"dessins, couleurs",,,,,bél,,£-nda;ji,B41 : Mh=641,,641,Bbél,,,
"détacher, délier",tüt#,tüût#,,tütü,tüûtü,téti,tütu,tüdu,,tüt#,tüt#,-tüdu,tüûtr,
détruire; abîmer,tüjz,nùjà,,tüûjr:Gu-tüjü,,tüjù,tüju,tüj1,"nûjé,tüjé","büjüurü,tüju",nùjà,tüj1,nùj?,
dette,bängz,kzirs,,bangz,kürs,Kküra,Pang,bängz,,kürs,k£rs,Baäng,kzra,k+da
deux,06,)06,jéd,)06,j)06,j06,j06 : Kul=jeé,j06,)06,j06,j06,)06,j06,j1y6
devant,n9,n9,nû,n0,n0,,n0,n0,n9,nd,n9,n0,n0,
devant,tà,tà,,tà,tà,,tà,tà,tà,tà,tè,tà,tà,
devinette,tèr-tà,sû-kàdr-nà3-6e,,sû-kàdi-nà-be,sû-ta-Pe:Lk-qüstü-tàr,,,,sùngéo,sü-kàdr-nàa-be,sû-k£-titz-bzrs,sû-Bbe,sûüngé,
diarrhée : avoir,ndèng#,ndèng#,ndèñg,ndèngx,ndèng,nj5me,,njèng# : M=ndèng,,ndèñng,ndèrg,ndèng,ndèng,
Dieu; Luwa (frère de Sou),Lüûüws,Lüws,Lüba,,NübS,nûba,Lüba,Lüba,Lüwa,Lübs,,Lüba,N£ba,
diffèrent; ailleurs,k£-däng,,,k£-dängi,dàng,kàkà là,däng,"dàngt, béd£",,ràng,dàng,Béd£,k£-ràng,k£-dàng
re; marqueur de convers,è,è,,èn,,,tokü,,àn,,nè,nà,nà,nà
re; parler,è1,è1,è],èl,èd,njùbà,pà : Kul=ndaäle,pà,è1,idè,Èdè,pè,idà,yèl
"-sputer, palabrer",Kk51,k51,k51,Kk51,k51,k51e,k51,k51,,K51,k51,Kk5S1,k51,Kk51
"-sputer, quereller",,nàjx,nà),nàj+,nàj#,,nàj1,,nàj#,nàj#,nàj+,naj1,nàj#,nàj#
-stribuer,15w,15b#,,10we,nobo,nübs,,15bS,]1üwo,1Sb#,,,keng,
_X,ddgi,"dôgà, küt",d35,dàg,dèg,d3gà,dDkÈ,ddgà,kÈlé,ddgi,kùtà,dàgi,kütà,kùtà
)igt,ngon-j1,ngon-j1,,ngon-j)1,ngon-j1,,ngon-)1,ngon-j1,k£-ngon-)1,ngon-j1,ngon-j1,ngon-j1,ngon-)j1,k£-ngon-j1
donner,àd#,àd#,àd,àdx,àdx,ina,àr : Kul=ito,àr,àd#,àd#,àd#,àr,àd#,àd#
dormir; sommeil,Bx : Ba=BT : Do=ndèle,,,Bt,bt,BT,BT,Bt,6ti,Bx,B1,Bt,Bbt,bx
dos,gidi,gàdà,gid,gidi,gidi,ngidi,gir,bà-gir,gidi,gidi,gidà,gir,gidà,gidà
doucement,kékèkè,jèkè,,mà ja,jèkè,hà,rékéké,dégégé,)jén,jän-jän,1dmmm,dègègè,jikè,jikè
douleurs prenatales,£-ndo,£-ndo,ndo,£-ndo,ndo,,ndo,ndo,,ndo,ndo,ndo,ndo,ndo
douter,man;jzx,ma;jz,,manj+,na)j+,,,,mä +,tädx,,mäy,b4ix,
droit,,dé£i,,njéréng,,,,nd$é)1 : M=dfng#,,,süûmuü,sûr,,
"droit, tout",,,,,ndiss,,ngiss,,säm,,,ngisa,,
droite,k31,kà,k3l,kl,kù,,kd1,Kk31,,k31,,kÔl,ko,kd
"dur, difficile : être",ngàa,ngàa,,ngàa,"mong, Ô",ngàngàrà,ngèng,ngàng*,ngàng,ngàng,ngàng,ngàng,ngàng,ngàng
durer longtemps,),ii,tüuda,i,i,àha,,ir,ii,),ii,,ii,
"eau, de l'eau",mànñ,manñ : Do=man,,màn,man,mànt,mànñ : Kul=man1,man,màn,man,man,màn,man,màn
éclabousser; sautiller,,tàl,,,tàl,,,täl,t4l,tél,,,,
éclater; vacarme,ndüws,ndu,,sana,ndubu,,ndubu,ndubu,nduu,ndubs,ndûb#,ndubu,ndub+,
écorce,ng$y,ng6y,,ng$y,ng,,,ngSy,ng$y,,ngS,ngy,,ng$
écorce sec,màma,mama,ké-màm,màama,mama,,ng6y,£-màèma,,màma,mbàämba,màama,kàdi,
écraser,tét#,rûnd#,düûd,büdx,tét#,,guüru,tCédx,dûüd#,,tüût#,r5dx,dûd#,dûdE
écraser (le foudre),tèl,,,tèl,tèl,,,tèl,tèl,tèl,tèl,tèl,tèl,
écrire,,,i à,ndàngi,,Bé là,tüja,ùnjà : Mh=ndàng,,ndàng,ènds,ndàng,ndàng,
écureuil : esp. de,ndàm,ndèm,ndäm,ndàm,ndàèm,n jmè,ndèm,ndàm,,ndàäm,ndàm,ndàm,ndàm,
écureuil de Gambie,P5n,55n,,B5n,b5n,65ne,B5n,B5n,B5n,B5n,b5n,65n,65n,m5y
échanger [qc],mbél1,mbél,,mbé1l,mbél,mbél1,mbé1l,mbé1,,mbél,mbél,mbél,mbél,
"echapper, se",,,,igi,,,,igi,igi,,,,,
éléphant,kèd#,kèdx,kèd,kèdx,kèd#,Kkà 1,kèr,kèrs,kèdE,kèdE,,,,
é],,,,,,,,,,,kèd#,KkèT,kèdx,kèd#
ever; nourrir,ùl,ùl,Bàt,ùl,ùl,ùlu,,ù1,,ùl,ùl,"ùl, ngsm","ùl, üùl",
pêcher; refuser,39z,ba,dg,dgx,Ôgz,dgi,3kü,Ô9,dg#,ÔgE,Ô9# : NJT=wWÔgE,,ÔgE,
\poisonner,yèl,yèl,,yè1l,yèl,,,yèl,dm,yè1,,yel,,
\prunter; prêter,ndime,ndims,,,ndims,,,nj1ma,ndtma,ndims,ndime,ndima,,ndima
\ arrière,gèg£,gûg#,,gûgé,gügüû,,gùkü,gùügü,gèg£,gdg#,gdgé,gôg£,gûg#,gog#
\ vain,pi,sété,,pi,pi,Kké,pi,pi,sété,pi,sét#:NgT-sété,tàsfrà,sété,
"icore, plus",$6éy:Ba=Béy,,,w4y,b4y,,Béy,B£,t35,béy,béy,"béy,",béy,t0
"droit, lieu; temps",10,10,10,10,10,100,10,1d,,1do,,,,
Français :,,,,,,,,,,10,10,10,10,
"enduire d'huile, oïindre",ndèm,ndèm,,,ndûm,,,ndèm,,ndèm,,ndèm,,
enfant,ngon,ngon,ngon,ngon,ngoï,mono,ngon,ngon,ngon,ngün,ngon,ngon,ngon,ngon
"enfanter, accoucher",dji,ùdji,0),dji,dii,dyd,ù;ù,ùji,djà,dj+i,-dj)i,dii,0jà,wo)?
enfiler,su,su,,,sur,sT,,nim,sür,su,,nim,sur,
"enfler, s'enfler, gonfler",ti,tf,tit,ti,ti,,ti,Èf : Mh=t{t,,tf,sir,ti,täg#,-tàg#
enfumer [qc],su,su,su,su,su,,tu,tu,,su,su,"su, tu",su,tu
engoulevent,légé,bét:-béré-à Î:Gor-légé,,,b$bs y,ni-kejé,£-15ké-bé1e,£-ninga-b$1e : Mh=léw,,ningè-bsr,,ningà-bé1s,bäd£-b$ÿ,
enlever avec les mains,,,,,,,,,tegé,t5g#,,,tegé,
"enlever, retirer",ÔF,Ôr,9r,dFr,9Fr,,dru,9F,dF,IF,ÔF,Ôr,ôr,wor
ennemi,njè-bàa,,ngè-bàa,njè-bàa,njè-bàz,ni-banga,njè-kèm-bàa,njè-bàa,màdz-bàa,njè-bàa,màdr-bàa,njè-bàa,"mèadr-k5l1,màadr-bàa",màdr-bàa
enrouler,Kké,ké,Bir,BbÈr,bfr,njdn,Kké,njèm,bir,Bir,Bir,ké,bir,Bir
enrouler,,kùû,,ké,bindz,6£11,,binat,,bindx,binaz,Birt,,
ensemble,nàa3-t£,nàa-t#,nèàa-ti,nàa-t#,nàa-t£,,nàa-t#,nàa-g£,nàa-t#,nà-t£,nàa,nà3-dé,nàa-t#,
ensemble : réciprocité,nàa,nàa,,nàa,nàa,,nàa,nàa,,nàa,,nàa,nàa,nàa
entasser,nduûr,nduf,,,ndüûr,,,ndür : M=ndül,,nduür,t£nds,ndüru,ndûr,
"entendre, écouter",00,00,00,00,00,Ôd0,00,,00,00,00,00,d0,"00, woo"
"enterrer, semer",diw,dibz,,,dübu,,dùbu,dübu,,dùbu,dûb#,dübuü,dûüb#,düb#
entourer,,gs : Do=qüg,,,gugu,,gqükü,gügü,güugt,,gugx,,,
"entre, parmi",p£ns,mbins,,mbüns,dàdan,,hor,horo,mbèna,mbùns,mbôb6,mbüna,mbèna,mbèna
entrejambe,,bStz,,,,,,horo-gôl,gèla,"bàäl, gâl",b£1s,gâl,gèlà,
entrejambe,gâl,,,bôtz,gäl,,mba,büla,bér,gél,b£1s,mè-mba,nû-mba,"ndo-bâr,ndm-bâr,bâr"
entrer,ànd#,ànd#,,ànd#,,ànja,ànd# : Kul=hayé,ànd#,,ànd#,,ànd#,ùdà,
"envelopper, emballer",do1e,dole,BÈr,d016 : Mh=dülo,,,,,,,d00,té,,ndèm
vie de,,ma Î,ma Î,,,malé,,ma Î : Mh=ma Î,,,,ma Î,,
ivoyer,ilè,Èilè,ùlà,ùlè,ùlè,ilà,ù 1 à,ùl à,là,ùlè,è1lè,ùl à,ilà,ilà
ais : être,ndès,ndès,,ndèr,ndèr,,ndèr,ndèr,ndèr,ndès,ndèr,ndèr,ndèr,
ais (liquide) : être,,,,,,,,tôgi,,B3w : N9T=Bôw,,,bôw,
">arpiller, écarter",,t1I,,säna,,s 41 à,,Ci,tri,,hind#,jane,t1,
aule,danm,bag+,dà-bäg,däm,baäg+,dag1,baäk# : Kul=bagu,d3-bag#,,bag#,bag+,bagx,b5g#,b5g#
ervier,$i-ys1iys,,,$£-ndogéro,kéylé,,,,,,,,,
KoN=yängàli,,,,,,,,£-mbàylé-pele,k£-sd1I,ningè,nèngè,,nèngà,
ilepsie,,,,,kéné,,,pipi,Kk{T,kéné,kôné,,kéno,
"ine, épines",k5Sn,k5Sn,k5n,k5n,k5n,kono,,,,,,,,
Français :,,,,,,,kün : Kul=hono,kün,kSn,kün,k5n,kün,k5n,k5Sn
"épuiser. finir, achever",t:gs,tigs,t1ga,trgé,tings,ninga,tünga,tünga,trga,tigs,tigs,rùnga,tèga,trga
escargot,£$-lä4pàpà,",làbà",,lépàpà,kä-1àbàbà,nàBà,k3;,£-1àbà,1àp}à,£-làäbàbà,,làbà,s0oro,
esclave,"Fèr : Ba=bè1è, Fès",,,Bèr,Pèr,,Bèr,Pèr,,Ps,bülè,Bèr,bûl.,$È1là
esp. d'antilope,dùl,dùl,daùl,,dùl,jùlù,aùl,dùl,,dùl,dù1,dül,dùl,-dùl
espace entre [qc],,,,,mbôre,,,,buro,,koro,,,
"esquiver, s'esquiver",rEngs,rzngs,,,,,,,rüngo,,,,,
"essorer, tordre",mbs r,mb+f,,,,,türu,sôrè,tuf,ndàng,,,,
essuyer,bèr,b3F : Dh=bor,,bôr,bôr,ùsù,bÔF,bI,,bF,ùsi,bôr,dl,
"et, aussi",tà,,0,ng,a,,,ném,ho,rém,0o,1é6m,0,ho
"et, mais",6é,ngà,mè,"$, 4y£",nè,àb1,ngà : Kul=vi,nè,nà,é,bè,nè,bà,bs
"étaler, étendre (au soleil)",nàjà,nà;jà,1àj,nàji,nàjà,,nàji,"nàji,nèji",nà;jà,nà;jà,nàjà,nàji,nàjà,nàjà
éternuement,ätisé,f-tisé,ki-disé,d£ss,é-tisé,,,i-disé,k£-disé,âtéss,,âytisé,ätèiso,
étinceler,,,,,nd$b£,,,,,ndSb#,,,nd$b#,
étoile,£-meé,$-mêé,,$-mey,k9yo,ki-ydoyéndu,£-ndètérèndé,£-ndèd£rèdé,,kérwéy,kûrmé,kérwé,"t{vS, kôvo",-k£-mêmée
être,i,è,i,i,è,,to,to,i,to,i,to,i,i
être debout,à,à,dà,dà,ndà,,àr,àr,dà,à,dà,àr,rà,dà
étudier; aprendre,ndé,ndé,nd6c,ndé,ndé,ndé6à,ndé,ndé,nd60,ndé,ndô,ndé,nd6o,nd6c
éviter,,,,,,,,,gong,,gong,,gong,
excrément,s],si,ki,si,yèdz,kèy,si,s],kii,si,yèdx,si,yèdx,-yèdz
expert cultivateur,bird-kdsà,birè-k3sà,bürà-kàs,birè-kdsà,bürè-kdsà,,birà-k3sE,béw-nd25,bèrà-kdsE,bürè-kdsà,birè-kdsà,bäâw-nd35,birà-k3s},
fabriquer en tournant,,,,,sôrè,,,,,sùro,,,sèirè,
fagot,s1,s1,Kkir,tà-s1,kir,key,tà-k1r :Kul=key,tà-kir,,s1,k1r,Kkir,k1r,kindè
faim,65,65,65,65,65,6G,65,65,650,B5,55,66,65,65
faire,da,ra,da,da,da,täm,d& : Kul=tém,da,,,,,,
LC,,,,,,,,,däaa,da,da,da,ra,daha
ire griller à sec,ndà,ndàw,,ndàw,ndàw,,,ndàw,ndà,nddw,ndàa,ndàw,ndàw,
ire le pique-assiette,,,,,,,,ma Î : Mh=géi,,,"béle,nélé",,,
"ire mal, faire souffrir",t0o,to,to,to,tür,,to,to,,to,tor:NgT-tor,Et0o,tor,
ire rites,,,,,,,,,h11e,pole,,,qug+,
irine,ndùj+,ndûj+,ndù),ndùj+,ndù)ju,ndùjü,ndùju,ndù)j1,ndù)j+,ndù)j#,ndûj+,ndù)j1:Sr-=-ndù)j#,,ndùj#
itigue,Kkà,kà,,kèr,kdr,kd,r5-kùta,kôr,kdr,kd,kdr,kèr,,kÔr
itigué : être,,3,dr,dr,dr,d,Ôr,,,d,r,dàw,,Ôr
iucille,ngôroông,ngordngi,,ngdrd,ngrông,,,£-mâr£m,ngdrong,ngdrông,ngordng,mérEm,ngdrông,
femme,dèné,dèné,dèé,dèné,diyé,màndé,dèné,jèné,dèe-k£-dèé,dèné,diys$ : NgT-diyé,dèné,diyé,
"femme, épouse",néé,n£é,n1 yé,néé,neé,,dèné,,néé,né,n1y$,dèné,nlyé,n1yé
fendre,"kèisi, rüwe",gaj#,,"ruws, käy",gaya,wûyà,,"gaji, riba",ga)jx,gaya,gaj+,gaj1,gaix,
"fendre, couper",ta,ta,,ta,"njàrè, gaya",,,riya,n)jàr,,njàr,njàrè,njàr,
fendre; déchirer,rüws,r+ys,,r1ys,r1bs,,r1ba,r1ba,r1ya,té,r1ys,"riya, riba",nj4r,
fendre; diviser; partager,Kkay,kay,kay,ta,kay,yay,,käy,kay,ta,kéy,kaäay,keng,
fer,gind#,gèndx,,gindz,gind#,,,ngàw-lar,gind#,gindx,gind#,,gindz,gind#
fermer,Ùt#,ût#,Ùùt,ûtr,ùtu,Ôt1,,,,,,,,
- Langues Sara,,,,,,,ùtu,ùdu : Mho=ût#,,ùt#,ût#:NgT-wût#,ùdu,ût#,
fesses,kùtà,g£n,gäy,kûti,mbùr,mè y,kùtù,küdù,gir,kètz,gir,küdi,mbùr,gir
feu,pôr,pôr,wod,pôr,pôr,hàrùû,pürù : Kul=fàrù,pèr,hôr,pèr,hôr,pèr,hôr,hôr
filet,b#rs,bänd#,bän,bänd#,bürs,bändà,bürà,bäénd#,,bürs,déng,büra,bändi,déng£
"fils, fille",ngon,ngon,,ngon,ngon,,ngon,ngon,ngon,ngon,ngon,ngon,ngon,ngon
filtrer,ndèe,ndèe,,ndèe,ndèé,,ndèe,ndèy,ndèe,ndèy,ndèe,ndèÿ,-ndèëé,
fille initiée,bàvyà,bàyà,bèà yà,bàyà,ndd-diyé,,màk#,màg#,bày,bà yà,bàyà,màg#,bèàyé,
flétrir:se,,ndôle : Do=ndûle,,,ndôle,,,ndole,ndù1o,ndèle,,ndè1e,ndile,
fleur; fleurir,pÜût#,pût,,püt#,püûtu,hürè,pütu,püdu,hüt#,pütu,hüt#,-püdu,hüût#,
fleuve,ba,ba,ba,ba,ba : KoN=ba,,ba : Kul=va,ba,baa,ba,ba,ba,ba,ba
"flotter, couler",151:Gor-1s1,,,,ùlè,lüulu,,ùlà,nÿu,10,Èilè,nûÿ,no,nühü
flûte,,nàl,,gà,,,làl,,nàl,,nàl,,,
foie,,ùr,,ûr,wÜûr,,,ùr : Mh=wûr,,ùr,ùr,ùr,,
foin (pour les animaux),mÉne,mône,mi ré,,mére,,,méro,m£éré,mône,,méro,méro,
fois,n)jà,n)jà,njà,njà,njà,,gèl,,n)jà,njà,njà,gôl,njà,
fondre,1lèe,1èé,,yoOno,lèsg,ndàtè,yIl,1è8,yèé,lèe,yèé,lèe,yèe,yÈhE
)rce,tôg#,tég#,,tégz,tégf,kànga,t$kt,"t6g#, kinga",tég£,tégz,t6g#,t6g#,tégà,-tégf
)rêt,,kù,Kkù,,kù,gà 1 à,Kkù,küdu,kûu,,kù,kù,,
)rger,0,0,,0w,ùwè,,,,do,ù,0,00,ùwà,woho
)rgeron,kÔdE,kÔd#,,"njè-kôw-yé, kÔdE",kddE : KEN=kDde-kdkù,,kdrü,njè-kôr,kÔd#,kddx,kÔdE,njè-kr,kôdx,kÔdE
"rt:être (boisson, magie)",0lè,ôlè,dng,èng+,"èng, àtx",,mit,mil,dng,èngi,ngàñg,0lè,ong,wong
uiller,,mbât#,,,,,,njingiling,nd1yo,,ndèlè,j4gzla,,
uiller,,,,,ndôlè,,,,,nddlè,,,ndilè,
urche d'arbre,,,,,gèàjà,bàra,,bàj à,bàj +,gà à,gàjà,"mb3-kägx, bà",,
urchu : être,gàji,gàjà,gàj,"bàj1,gàjà",gàj+,,bà,"gàji,",,,,,,
Français :,,,,,,,,,gàjà,gàjà,gàjà,b;,gàjà,-gà)jà
"fourmi, grande : esp.",,,,,bém,,,,,béme,,,bém,
"fourmi, petite noire : esp.",tüû,£-tüû,,,tür,,tür,£-tür,,tü,,tür,tüûr,
"fourmi, petite noire : esp.",,,,,tôtè,,,tôodè,k£-titè,,,,,
fourmi rouge : esp. de,tiys,t£ys,,tiys,tiys,,tiya,£-éiya,tiya,tiyse,t{iys,t{ya,t{yo,
"fourmi, rouge : esp.",,tôy,,,toy,,,toy,tôÿy,tôy,,toy,toy,
fourmilier,bara,bära,,bara,,,njàrè,njèrè,,bara,be-tètè,tàlbést,mbar,
fourreau,,,,,,hSKS,,B#1,häw,ngès,h5p5,s51,h5p,
fourreau,,,,,ngès,,,bém,ngèe,ngéy,,,,
foyer,p11,p#l,b5t-y1l,pil,p1il,s111,pil,p1l,h11,p1l,h1l,p1l,s11,s11
frais : être,s31l,sàl,s31,s31,s31,kéÿ,,,,,,,,
- Langues Sara,,,,,,,wûl,"sôl, Kkül",s31,sô1,sd1,kül,sèl,
frais; mouillé : être,,mbs 1 : Do=mbol,,,mbs 1,,,,,mbs 1,,,,
fréquemment,,,,,,,,tàf-tàf : M=sèe,,,ngändäng,,,
"frère, soeur",ngo-k6,ngo-ké,nènd,ngo-ké,ngo-ké,,ngo-ké,ngo-ké,,ngo-k6,ng5-ké,ngo-ké,ngo-ké,ngo-k6
froid,Kkül,kuüul : Do=kul,,kuüul,kül,ku11,,Kkül,kul,Kkuüul,kul : N9T=Kkul,Kkuüul,kul,
front,n0,nàti-nù,,n0,kär-nù,dàm-n95,nd,Bè-dà-nd,n9,n0,n9,n,nd,nù
frotter,ùsi,ùsà,,ùsà,ùsà,,ùsù,ùsàû,,ùsù,ùs,rit,ùsi,ùsi
fructifier,ànd#,ànd#,änd,ànd#,àn,àna,ànd#,ànd#,ànd#,ànd#,"àn, üùdi",ànd#,àn,
fruit,kànd#,kànd#,kànd,kàndx,kàn,kàna,kànd#,kànd#,kànd#,kànd#,kàn,känd#,kàn,kàn
fruit de karité,,,,,,,,,ydw,ySb#,,,ydW,ydb£
fruit pas mur,,,ngér,,b5#,,,mésS ré,,ngér,,,ngérû,
"fuir, s'enfuir",àÿ,ày,ày,ày,ày,àna,ày,ày,ày,ày,ày,ày,àa,ày
fumée,sà,sà,sà,sà,sà,tuüuhü,sà,sà,,sà,sà,sà,sà,sàhà
"furoncle, bouton au visage",,ngàw,,,ngàw,,,ngàw : M=ngàw,,,,ngàw,,
future vie; au-delà,,ko06,,,k66,,,;àbàw,Kk06,kG6,ng6y,,,
galago : esp. de,,bàtàng#,,,,kî-mana,bètangx,bitàngz,bèràng,,,bàtang,,
"gale, la",,,,,bàti-wal,,,,,ngéà-ngüns,,,kèri,
garder [troupeau],ngsn,ngsm,,ngom,ngom,,ngsm,ngsm,ngom,ngsm,ngom,ngsm,ngom,
gauche,gè1,gè1,gèl,gè1,gèl,gä4li,gè1,gè1 : Mh=gèl,,gè1,gèl,gèl,gèl,gèl
mir,tèims,tims,,tùms,t00,téhE,towa,tüwa,t06,tümse,t00,èl,too,
ncives,yids,yidà,büd-ngäng,yidi,bir-gôgi,,,dà-kàsi-ngang,dà-yidè,yidz,b6ro,yir,bérà,
nette,tag+,tag+,,,täkz : KoN=täg0,,täkz,tägE,tag+,tag#,,tag+,,
nou,,,,,mèr-kèji,jè,,,,Pügülûü-njà,kèsà,-sfi,kèjà,-jà
rafe,kaäl,kol,,,kèrlôw,kd1,,,kôl,kôl,kôl,,kol,
aner,,fù,,,,ngâ,,Bùrù,bé],Bù,Bùr,Bùr,,
mbo,y£ms,y£ms,nimé,nûws,yimé,némà,yima,ima,n£mé,yims,gôm,ima,n£mà,
ndoler : se,,,,,ûmes,,,,süunjur,,,nduf,,
"gourde, esp. de",gàl,gàl,,gàl,gèl,gélà,gàl,kü-ngaw,gàl,gàl,käl,g61e,gàl,gàl
gourdin,gà1,gè1,gàl,gil,gl,gdlè,gùrû,gürû,gàl,gàl,gô1,q1l,gèl,dEngi
goût,,,,,mbéré,,,,,méré,,,-mbérà,
goûter,na,na,na,n3,na,ndo,na,n3,naa,na,na : NgT-=na,n3,na,
grâce à,tà-kül,tà-Kkül,,kÈità-kul,tà-küul,,mbä-tàr,mbôr-d3,kÈtä-t55,"mbsl-dà,",tè-kul,mb$1-d°?,tà-kül,kÈita-kül
"graillon, flegme",,,,,,,,hàgÈà,g0o,nd31l,kàa,,-kàrà,
"grain, germes",Ko,Kko,Kko,ko,ko,koho,Kko,Kko,,ko-né,ko,ko,ko,
graisseux : être,èmi,èmè,èm,èmè,èmè,,èmè,ème,yäm,ngùr,yèmbà,èmi,yàmbà,
grand : être,bôÿ,,boô,mong#,bo,woo,,,,,,,,
- Langues Sara,,,,,,,"ndsw, bÔ:Kul=kékd",bo : Mh=bôo,,boÿ,bù,boÿ,bo,
grand-frère,,,,,,,,bùba,,päpé,p4pa,,,
grandir,tôgi,tôgi,,tôgi,tôgà,tÔg,tèki,tÔgi : Mh=tôgi,,tôgà,tôgi,tôgi,tôgà,
grandparent,kàw,kà,kà,kàw,kà,kàäkä,kà : Kul=hàha,kà,kàa,kà,kà,kà,kà,kàhà
gratter,èngé,ùy,,ùy,nd90,èkè,ings,ngé,,ingé,,ngé,nd00,ùg
grêle,Kk5Ss#,k5s#,,k5sE,k5CxE,mb6c,k5j1,k531,k5SsE,k5s+,k95s+,k5j1,k5st,
grenier,dàm,dàm,dàm,dàm,dàm,wa,dàm,dàm,,dàm,moy,dàm,moy,
grenouille : esp. de,,,,,béà,,,"gè, 1à",gimbà,,gimbè,,,
griffes,,,,gidf,yal-jt,réli-njàa,,,k£-mur-j1,gin-njà,,gir-gl,hëêle,
gronder,ndàngi,ndàngà,ndàng,,ndàng,njaàmà,ndàäng,ndàngà : Mh=ndàng,,,,ndàng,,ndàng
gros : être,bôÿ,b0,,bù,bôy,,bù,bdyÿ,bôo,bôÿ,bù,"bù, boÿ",bù,b0
grue couronnée,,"dängä,dang#",,,,Kki-däw : Mh=dang,,,,,,dang,,
guêpe jaune : esp. de,,,yet,"yètz,rast",kdr-wäsé,nète,,,yetz,,yet#,,,yetz
guêpe maçonne,gèms,gûms,,gùme,gümbs,gümba-d3gà,qüma,güma,gimba,gùms,gimbs-gir-kère,qüma,gimba,
guêpe noire :esp. de,,,birbi,mbérbi,,,,,birbi,mbèr-mbit,gèmbs-ndùl,mbir-mbi,,
guérir; sauver,àji,àji,à),àji,àji,àyà,àji,àj)i,àjà,àj?:Nar-àji:NgT-àjà,,àji,àjà,
"guetter, traquer",,,,,,,,,téy,ngèy,,,téÿ,
"gui, plante parasite",tém,tém,,,tém,tôm,,Cém,tôm,tém,,tém,tém,
iche,k+ngs,k£ngs,künga,k+ngs,küngs,künga,tfna,Èfina,kEnga,küungs,kængs,tina,-kEnga,k:ngo
imeçon,kùy,kûy,kùy,kùy,kùy,kùy,Kkiy,kùy : Mh=kùYy,,kùY,kùy,Kkit,kùy,
"ingar (pour l'ombre, etc.)",p4la,jàngilà,dàb,pàl,dàb,dàbà,p4l,dd-pél,dàw,dàbà,dàbài,bärd,dàbà,
iricot,mûnji,mÈènjà,mèn),münjà,mûnjù,minjd,münjù : Kul=môonj0,mèn)ji,münj0,mün)jù,monjo,minji,mün jo,minjo
"ut, en haut",tàé,tàé,ddé,tàé,d9$#,,tàf,tàf,d06,"ngémé,",d96,tàf,dd$,doé
rbe : esp de,,,,,,,,häya : Mh=haya,,Kkay,,,haya,
rbe : esp. de,,,,,,tèmbè,,cCèmè,tàm,tèmè,,tèmè,tèmbà,
herbe mauvaise : esp. de,,tone,tiro,tono,,EIyo,tiro:Kul=tiyo,"k1ro : Mh=tE#ro,tuüuro",,,toro,,,
"herbe, paille; brousse",mà,màù : Do=mû,,mà,mù,ngàl1,mà : Kul=ùümù,mù,mûu,wàlè,bèmbeé,mt,mù,màù
hérisson,ndûr,ndür,ndûüd,£-ndûr,ndür,njürù,ndüru,ndüru,ndür,ndûr,ndüûr,ndür,,
héritage,,,,,ndùbs,kori,,ndùba : Mhb=ndiba,,,,,,
hernie,ngénjé,ngén)#,,,ngén)#,,,ngénjf,ngén)j£,ngén)#,ngénj+,ngénjfi,ngônj,
héron garde-boeufs,KkSw,£-k5w,,kéN,kSw,KkSwE,£-KkSw,£-kSir,k06,kSw,ko6,kéw,ko,
hibou,k3y,kdY,k3y,kdy,kdy,diidii,k3ÿ,kÔwe,k3ÿ,kdÿ,kÔY,k3y,kdÿ,kdY
hier,tàg£-nè,tàg£-nè,tàg$i-nèe,tàgf-nè,,,,,,,,,,
- Langues Sara,,,,,tàg£-1àa,njinj)69,tàk£-nè : Kul=nj6,tàg£-nè : M=tàg£i-bè,,tàg£-nè,-tàg£i-Pèe,tàg£f-nè,-tàg£-bès,tàg£i-bèé
hippopotame,àbà,yàbà,,àb}à,àbà,;3-àbà,hàbà,àbà,yàbà,àbà,yàbà,àbà,yàbà,
houe,kdsi,kèsi,,k3sE,kdsi,,kdsi,kISE,k3sÈ,k3sà,kdsi,kdsi,kdsi,kèsi
huile,Èib#,Èib# : Do=yüb,,ùw,ùbu,béÿ-yä-ya,übü,Übuü,,ùb+,yibt,ùbu,yibz,yùb+
huit,j1-j06,)1-j06,dé-di-s$,j1-)06,s6-s6,sàlinja,)j1-j06 : Kul=sàlenja,gènè-)06,j1-)06,ji-này-)06,s6-5$,)j1-này-)06,s5-s$,s6s$
hyène,£-gèngi,r£égèm,küyum,$-gèngà,kùr kûmi,nèÿ,£-rigim,£-Bàg£là,,P4girà,Pôñg,rigèm,bông,bôngz
ici,nè,nè,nèe,nè,nè,j6,nèñ,nè : Mh=1àa,,nè,làa,nè,làa,-làa
idiot,mbé,,bèd,mbé6,mbé,,mbé,mbé : Mh=BèdË,,mbé,mb6,gèbà,mb6d,Bèai
igname,ngüûl,$£-ngüûl,,ngül,ngül,,£-ngûl,£-nguül,ngül,ngül,ngül,ngül,ngüûl,ngüûl
iguane,ngàrèm,ngàrèm,,ngàrwày,ngàrwày,,ngàrd,ngàrd : Mh=ngàrwày,,ngàrèm,ngàrwày,ngàrù,ngàrwày,
"il, elle",ù-,ù-,,n-,ù-,,ù- : Kul=ni,ù-,ù-,ù-,ù-,ù-,,ù-
"ils, elles",,d-,,,dé,,d-,£-,,d£-,,n-,,
imiter,ndâj+,ndàâj#,ndé)j,nd£ngs,ndä)j£,ndàj0,ndéit,ndéit,ndéj#,ndäéj+,ndéjs,ndä)j1,ndéj#,ndé)j#
inciter au mal,,suls,,,suls,,,"tula,süula",s+1a,süuls,,"sula,tula",,
icliner (pour verser),,,,,,,,,dilè,ùy,,,dèl,
iquiété : être,s01l,sol,,,nd5,,,,s01,s01,,,,
secte,kùu,küûûü,kùr,Kkùr,Kkùr,,küru,küru,,kùu,Kkùr,Kkùr,kùr,Kkùr
secte : cantharide,,n)£bs,,,,ki-mâlé-gègérd,,,ng$15,,,njüba,,
isulter,tà4j+,tà4j#,téj,tàjr,tàj#,,tàj1,téj1,tàj+,tàj+,tâjr,tà)1,tàj#,
itestins,kùls-si,tit,til,til,til,tiht,3jè,sèimbàdà,,til,tir,ngän-si,tir,-tiht
iviter,,,,,bar,,,Bär,kün,Ba,,baär : sr-bex,,
ilousie entre femmes;,ni,ni,ni,ni,ni,néÿ,ni,ni,nii,ni,ni,ni,ni,
iloux de : être,,,,,im,,,,ndor,im,,,yim,
mais,,,,,ndà-lé,,,sär,bât£,ndà-à Î,béy : N3T=bât£,sâr,bäté,
"jarre, canari",£-ng00,f-ngd6,ki-ngùr,£-ngd0,i6,gfrù,36,j6,,j6,j6,j6,j60,jiyé
je,n-,m-,m-,"m-,m-",m-,mi,m- : Kul=m-,m-,n-,m-,m-,m-,m-,
"joie, félicité",r5-nè1l,,ro-kè,r5-nè1,,,r5-nèl,r5-1è1,ro-nèl,,r5-nèl,r5-1èl,r5-nèl,-ro-nèl
joue,mbé,mbé,kil,mb$,kil,mb#à,B51,B$1,mbéo,sül,mbér,b$1,mbèr,
jouer,kôgE,kôgE,nông,"kôg#, ndam",àgà,njik1,ndan,ndam,dông,ndam,kôg#,ndam,kôgE,
"jour, journée",nds,nds,nds5,nd5,nds,kàjà,nds,nds : Mh=nds55,,nds,nds5,nds,nd5,nd5
"jumeaux, jumelles",ndingè,ndèngè,ndüngà,ndüngè,ndüngè,njüngà,ndùngà,ndüngà,ndinga,ndùüngè,ndèngs,ndüngà,ndènga,ndèinga
jusque,b£t£,b£té,,râtà,sär,,ndér£ng,säâr,mbéa,sär,mbéng,sär,mbéng,
kyste,,,,,,,,,gf lé,kà,g£#1s,,g{#là,
"la grippe, la rhume",,,,,né1,,-mbIkE,£-mbd,ngàmo,,ngomo,küngä-beënji,,
là-bas,nd6-bè,nd6,,n06,n0,jün,yé-bèn,kèn,nd6,y6,n00,n06,n06,n06
là-bas (loin),n%,nû,nû,nû,ng,,nûn,nû,nûüu,nû,nû,nû,nû,nû
laisser,]yè,kyè,]yà,]yè,)yè,ina,i yà : Kul=inà,iyà,yà,lyè,iyè,]yà,iyà,iyà
lait,"mbé1l, mbà",mbà,mbà,mbà,mbà,mbaàa : Kul=mvà,,mbà,mbàa,mbà,mbà,mbà,mbà,mbà
lamantin; esprit de l'eau,£f-nèngs-màn,,,,,né-màne,,àngà,hàng,dä-màn,,àng,,
lancer un projectile sur,ùr,ùr,ùd,ûr,ùûr,,ùr,Ùùrù,,ùr,,ùr,,wûr
"lancer, jeter",}15,i15,ila,15,i1s,,ila,)i1à,,i1s,Èns,ila,ina,èna
langue,ndôn,ndèn,ndo,ndèn,ndù,ndS13,ndà,ndo,nddo,ndo,ndo,ndo,ndo,nd9
"langue, langage",tà,tà,tà,tà,tà,tà,tàr,tàr,,t à,tà,tàr,tà,tà
large : être,tât#,tât#,,tâtx,là,à à,tâtE,tâdz,tét£,tétz:Nar-=là,,täd#,là,1l à
large : être,lày,,,tât#,l1à,,tât#,,làa,tât#,là,tâd#,là,
large : être (chemin),,,,,,,,bùdu-büdaù,mom,,mong,,,
laver,tôg#,téôgx,t figé,t6gx,tégo,t 53,tôko : Kul=t63,t6g0,,tôgz,t6g0,t6go,tégù,t#go
"le, la, lui (obj. de verbe)",-$#,-é,-4,-6,-é,,-é,-é : Mh=-4,,-é,-ù,-é,-ù,-4
cher,t5n,t5n: Dhb=ton,,ton,il,t5ne,ton,ton,ton,ton,ton,t5n,ton,ton
‘pre,bänjx,bänix,ban),banj#,baän)j,kinjt,bänjt,bänji,bän)j+,bän)j+,bänj+,-baän)ji,bänj,
quel,k£-rà,k£-ré,ngàä-dé,k£-rà,k£-dé,,k£-dé,g£-dé : Mh=k£-dé,,k£-ré,k£-dé,g£i-dé,k£-ràâ,k£-dé
"ss, leur",-dé,-dé,-dé,-dé,-d£,,-dé,-jé : Mh=-dé,,-dé,-d£,-dé,-d£,-d#
vre,,,,,ndaf -tà,,,ndaf-tà,ndaf -tà,,ndaf -tà,,,
ane,küsi,,,,,,,ji,di i,,,,,di
ane : esp. de,,,,küm-kèdi,yaré,,,yèàrx,yaf,yaé,,nèr,yaf,
ane : esp. de,,,,,,,,kfya,,kiya,,Kkivya,,
bellule,£-bindi,b£ndifi,,$£-bèindi,bind#,gfmbt,,gi-gindi,,,,,,
Français :,,,,,,,,,"dündo,bindi",,dii-nd1,bir-bindi,,
lièvre,dd-tôgEm,dîtigqüm,,didiguüm,dègim,womo,ür,om,,ddgim,dÔgzm,dddèi-5m:Sr-ddg9gèn,,dôgæmbz
lion,631 : Ba=631,,,bàl,tèbà,ngèsè,£-nam,"tôb),B31",tübè,B31,B31,tèbè,b31,
liquide de la bouillie,,,,,,,,,sèr,sè,,,sdl,
"lit, lit de boit",t£ré,,,tiré,tiré,-Bida,tira,Cira,tiré,tiré,tiré,tira,trré,
loin,séy,"sày, séy",ùdà,sây,"sér,",,5Sw,èw,séy,sày,sèy,èw,sày,sày
"lombric, ver de terre",,ngé-si-sèlèlè,,,kèlèl,,,£-kèléle,k£-nga-sii-sèli,,kèlèle,,,
long : être,ngal,ngal,,ngal,nga,,ngal : Kul=àwû,nga,ngal,ngal,sà,ngal,ngal,
louer; féliciter,p£tz,pé£t#,yit,pit£,pitz,,,,,,,,,
- Langues Sara,,,,,,hÎt1r,wäl,,hîtz,pitz,,pidi,hîtz,
lourd : être,3ÿ,3ÿ : Do=dÿ,,dÿ,dÿ,,dÿ,9Y,,dyÿ,dÿ : N9T=3ÿ,9ÿ,dy,
luciole,£-ndoy-dé,£-ndoy-dé,,£-ndoy-dé,ngà-ndél-wsy,,,k5m-ngàw,k£-nd55-mbél,£-ndoy-dé,k£-ndogo-mbéle,büsü,nd5-bélé,k£-nd5-mbélé
luire; briller,nd©y,ndéle,n)i110,ndé61o,nd0y,,,ndogé,ndü1c,ndoy,ndéle,ndéle,nd$le,
lune,nay,nay,na,näy,na,nShE,nSy : Kul=nafe,nay,naa,nay,na,nay,na,naha
lutte,mÈilè,milè,,,mèlè,mbilè,,mùl à,,mülè,,mùl à,,
"lutter, se battre; guerre",dS,r5,d5,d5,d5,r5,dS,,d5s5,d5,dS : NaT=dS,d5,r9,
machette,,,,,,,,,bàrkà,küpküp,,,bàrkà,
magouste à queue blanche,,nja,,,,,,nja,n)3a,n)a,,n;ja,,
maigre : être,èng#,èng#,,èngx,sng,ndék5,èngz,,yaäm,èng#,ren,ysm,ûng,mong#
main,)j1,)1,;1,)1,)j1,j111,j1:Kul=jint,it,5j1,j1,)j1,j1,)1,
maintenant,ngàa,Pàsénè,,ngàa,ta,äésà,ngàa,bisi-nè,ta,ngàa,k£-ndo-t£,bèsf-nè,ta,ta
maïs,nj4-kèdE,£-b$1£mté,nj0,mésèr,dà,bày-mangà,£-ndàä-kiri,njà-,,,,,,
kèrfi,,,,,,,,,k£-mbéré,mäsàr,gdj)i-dûwd,mâsàr,gdy-dà,gàdj)i-d3
maison,Kk$ y,kéy,kü;,k$y,ké y,käÿ,kéy : Kul=häÿ,kéy,küû)£,ké y,küjt,kéy,küûjà,küjé
maladie,mdy,moy,moy,mÔy,moy,,r5-to,r5-t0,moy,moy,moy,mèy,mdy,moy
iladie; infirmité,mètà,mètà,,mdtè,mètà,motù,mètà,mèndè,,mètà,1igz#r1i:NgT-motà,mèdà,motà,
ilaxer (boue pour briques),mb+s3,,,,,jüjü,,,1$ÿ,mboy,15y,mboy,,
ile,dingèm,dingèm,) ingà,-dingèm,dingèm,,;jingàw,jingàw,dingäà,dingèm,dingàm,dingàm :Sr-dèingàm,,dingà
inche,Kkül,kül,,kül,kül,ko11,,Kkül,,kul,kül,kul,kul,
inger,s,ùsÔ,ùsà,s,ùsè,isà,ùsà : Kul=ùsà,ùsà,sà,ùsd,isè,ùsà,isà,isà
inger (qc farineux),,,,,muf,mbiri,,murg,,muû,muf,"murû,mun",muf,
inger (qc mou),d,0,,0,ù,,0 : Kul=dnd,0 : Mh=d0o,,d,d,0,ù,
inioc,ngàli,ngàli,gàjà,ngàli,ngàli,ngàlè,ngàli:Kul=ngàlè,g9y-ngirà,,ngàli,ngàliyà,,,
Français :,,,,,,,,,,,,ngàli,ngàli,ngàriyà
mante religieuse,£-gSng,$-g5ngx,,£-gong#,geng,,,£-g5ng,ké-gong,$i-g5ng,k£-ngdôr-badä,géñg,käm-dd-ra,
marché,sûkE,sûk#,,sûkE,sûku,sûkù,10-làb+-né,nàdi-né-ndoc,sûkx,sûk,sûk#,sûgi,sûkx,sûké
"marcher, se promener",nj1ys,nj+ys,,nj)1ys,nj1ys,kàbe,nja,njà,ndiya,nj1ys,nj1ys,nja,nj+ra,
"marécage, étang",,,,,,,,b5y,,käar,kàrà,,,
margouillat,£-b3$,béylà,k{1,£-b3s,k£-ngäl-bènti : KoN=ké11,,£-bàylà:Kul=kflt,£-bàÿlà,,bäylà,kfi1,béylà,kil,
mari,ngàw,ngàw,ngàw,ngàw,ngà,ngàbà,ngàw,ngàw : Mhb=ngàw,,ngôw,ngà,ngàw,ngà,ngàPi
"marmite, petit",mba-tà,bày,,,bày,hàyà,bày,,,,,,,
FO,,,,,,,,bày : Mh=bày,,,bày,bày,,
marqueur d'interrogation,wà,à,,wà,wà,wà,wà,wà,,wà,à,à,à,à
marqueur de débarrassement,k5$,k5$,kènèng,k5$,k5k£,,ràng,k5ré,k5$,k5$,k5$,k5$,k5$,Kk5$
marqueur du futur,à,à,,à,à,nj-,à,à,,à,à,à,à,a
marqueur du pluriel : nom,je,je: Do=ge,,g#x,g#,ge,je:Kul=ge,je,-g#,je:Nar-=-g#,,je: Sr-g#,,-9+
marqueur du pluriel : verbe,-1,-1,-1,-1,-1,,,,,-1,-n,,-1,
marqueur locatif,t£,t£:Dh=ti,,t£,té,,t#,g£,t£,t#,t£,-d#,tf,t#
matin. de bon matin,ki-sf,si,,si,ndédgé,,ki-sf:Kul=jinjs,nd5$,,si,kè-ndoÿ,nd5$,dùû-10ÿ,d31d6
maudire,màn,man,,màn,man,,,ùgù,,màn,bar,màn,timbe,
mauvais : être,-màjài,-màajài,,-màjài,màjilé,àsûü,mänjàñg,,mà j à Î,màjàÎ,-mèajài:NgT-màjài,màjèÎ:Sr-màjài,,
me (obj. de verbe),-m,-m,-m,-m,-m,,-m,-m,-m,-m:Nar-=-m,,-m,-m,
médicament,déwa,däwa,dân,"-dâwa, kI",kùgè,,,"küma, kèma",,küms,,küma,ki,Kk1
melon,wàsx,wàst,wàs,wàsE,wàsE,wàso,wàs+,wàst,,wàs+,wàs#,wàst,wàs+,
même,,,,kâre-bà,,,käraä-bàa,kära-bà,,kÈi-k£éra:NgT-k£ba,,käâra,,
menton,£-ngèngérs,gôn,,mdtigôn,bégém-tà,,gél-tà,gé1l-tà,bôgà,gin-tà,bôgo,gél-tà,bogù,
mère,Kk$,ké,ké,ké,ké,k6ù,Kk6 : Kul=k6d,ké,k$o,ké,k6,k6,küù,Kké
mesurer,mb5j#,mb5)j#,,mb$jx,mb5j#,,,mb$31 : Mh=mb5jx,,mbj#,mb5j#,mb$j1,,
ttre en rang,,Ôs#,ùs,,,,,dsi,dsE,,,,,
ttre les os ensemble,,,,,nàma,,,,,nàèm,,nàm,,
el,ùbi-tèji,tèji,,mbàn-tèji,übu-tüjù,,ùbu-tè)ji,ùbu,tèii,ùbi-tôji,yibitèji,tènji,tèjà,
"eux, être mieux",s6-t£,s6-t#,,s6-t#,s6-t£,,sété#,,s6-t£,sé-t#,56-t£,s6-d£,s6-t#,s600-t#
1 (mot général),,,,ko,ko,kämbé,Kko : Kul=tEe,,y4a-k6o,ko,Kko,ko,"bügid£é, ko",mbür
1 pénicillaire,téy,tsy,tey,teéy,tey,,tey,täy,,tsy,téy,tsy,-teéy,
1 sauvage,,,,,jèr,,,)5mrls,jdr,jè,,,jèr,
"1, esp. de.",wàa,wa : Do=wàa,,wàa,wès,,wàa,wàa,,ws,,wàa,uwä,Èiwa
lle,sàk#,dib#,säk,dèr,àruü-dÔgà,,dùrû,,,,,,,
Français :,,,,,,,,t#1-dÔg,,dübé,düb#,säg#,dubü,dubû
mille-pattes,£-külülu,,,$-kuüulülu,kèülülu,kéngé,£-kùlülu,£-Kkülül1ü,k£-kùlt,,koro-r5ÿ,külülu,külülu,k£-ndàdàrt
"mince, svelte : être",mbàtài,mbàtà,mbèt,mbàtà,mbètà,,,mbàdi,mbàtà,mboàètà,,mbàdi,,mbètà
modeler,Èbs,ibs,,ùws,ùbs,ùba,ùBa,ùba,6a,ùbs,Èi£s,ùba,i$a,
moi (forme indépendant),mi,m1 : Do=ma,,mL,,,maä,,m1,ma,ma,ma,ma,
mollet,,,,,ndàndan : Mh=s$1l,,,,,ndän-njà,,,631,
"mon, ma (oblique)","-""",-mM,-mM,-mM,-mM,,-m,-m,-mM,-n,-m,-n,-1#,--m
monter,àl,à] : Dh=àT,,àl,àl,à10,àl : Kul=à10,à],àT,àl,àl,àl,àl,àl
monticule; termitière,£-d1i,-d1i,,"dd-gé-d1,£-d1i",,,,,,,,,,
- Langues Sara,,,,,dii-dit,,t110,dd$-i1{,d1f,d$é-d1i:Nar-d1ii,,dd-g£-d1i,d1i,
montrer,,t53x,t5;,,,,,,t53#,,,,,
"montrer, expliquer",dji,3jà,à),t$j£,djE,3jà,3ù,t51,d5È,3jÈ,d)È,t5j1,àdjà,wd à
mordre,d9,dà,dù,d9,d9,jùnû,t6,t6,ddo,d,do,t6,dù,dù
mort,koôy,kdy,koy,kdy,kdy,ila,koôy,küy,,"kdy, yo",koy,kôy,"kôy, yo",
mort; sorcerie,yo,yo,yd,y,yo,,yù,yo,,yd,yo,yo,yù,yo
mortier,bir,bèr,bit,bir,bir,bèrt,birt,bit,bit,bir,bir,birt,bir,bid#
mouche,kéng,kéng#,kéS,kéngx,kéng,käMm,kém,kéw,kéng,kém,kéng,kém,kéng,
mouche tsé-tsé,,,,,kéng-mbà,mbà,,£-Kk51,mbàa,gèng,gàng,séi,,
mouillé : être,mbs 1,yom,yin,yom,nom,,,yOm,,ndùy,nom,151,mbol,
mourir,0y,dy,dy,dy,0y,0,0y,ùy,dy,0dy,0y,ùy,0y,woy
mousse,,külüm,,pülùm,pülulü,hündülü,,hühügü,hülùm,èm,hüluû,,hülü,
moustique,yi1,y#1,,yi1l,yil,wélü,y{1,f1,yil,yil,yil,y{1,yfl,yil
mouton,bàt#,bàt#,bät,bàt#,bàt#,,bàt# : Kul=bàta,bàd#m,,bàt#,bàt#,bàd#,bàt#,-bàt#
mûr : être,mb3)jÈ,mbù),às,"gssirs, kàsi",Kkèr,,sàng,kàsà,mbù; à,kàsi,,"Ôb+t, kàs",25,
n'exister pas,gôté,gèté,gèté,got6,gèté,,gèté,godé,gdt6o,gdté,got60,gôdé,gût60o,gté
iger,àlè,àlè,,àlà,àlè,àlè,àlè,àlè,àl,àlè,àliyà,àlè,àl,kàl
itte : sorte de,pâl,päl,,pâl,ràkà,njàgà,gàkirà,,,pél,wàaä,tuwa-tégz,ràgà,bèl
itte : sorte de,tuws,tüws,,tüuws,tuws,,ràk?,tuwa,tüwa,tuws,,tüwa,wàa,
> faut pas,0t£,ût£:Dbh=6t#,,dté,,,,,dt#,,1-10,,10,
uf (9),ii-kâre,j1-kâre,,j)1-kéra,ji-sé):-mIi:KbN-dàkabü,,j1-kâra : Kul=dàhabü,gènè-kära,j1-k£ra,"j1-kâre, j1-này-kâre",ndoh6,j1-này-kéra,ndohé,ndohé
Z,èm,èm,kén,ù,kér-ùm,künu,ùm,ùm,,èm,kôn,èm,kén,kôn
er,man)j+,ma)jx,na),man)j+,na)j+,nganga,may,may,,na;)#x,nej#,may,nej#,
eud,,,,,,,,,ngûn,dù,,,kirè,
noir :être,ndùl,ndùl,i1,ndùl,ndùl,il1i,ndùl : Kul=it,ndùl,i1,ndül,ndûl,ndûl,ndûl,ndùl
noix de karité,,£-r5y:Gor-d5ÿ,,,,,,£-d5ÿ,,£-d5,d5 ÿ,,,
noix kola,géro,géro,,gérs,gérû,ki-r56,gérd,gérd,géro,gérà,gérû,gérd,gérd,
nom,t5,t5 : Dhb=t5,,t9,r1i,y1,r1,r1,,r1,r1,r1,r1,r1
nombre,k5r,k5r : Do=k5r,,k5r,k5r,,k5r,k5r,,k5r,k5r,k5,,kûtà
"nombreux, être",ya,bày,,bày,bùlè,,békay,ba,"bàa, bèila","dngt,",bilà,bülà,bilà,bähay
nombril,künm,küm,küm,küm,küm,küm,küm,küm,,küm,küm,kum,küm,
nourriture,né-kùss,né-kùsû,yé-kùsà,yé-kùsd,yé-kùsè,nâku,,,,,,,,
- Langues Sara,,,,,,,né,né-küsà,y4a-k£-sà : N9T=y4-kèsà,,,né-s,yéà-kèsà,
| [nous (nom.),ji-,,,j-,"jè, j-",,i-,jà-,ki-,ji-,ji-,)-,"jà-, j-",-jài-
nous (nom.),i-,j- : Dh=;-,,"j-, j-",j-,,,)-,)j-,j-,)-,)-,)-,
nous (obj. de verbe),-jè,-jè,-jé,"-jè, -jè","-jè, -Jjè",jé,-jé,-s4,-jè,-jf,-jf,"-si, -si",-jf,
"nous (oblique); notre, nos",-jé,,,-jé,-jé,,-jé : Kul=jéà,-sf,-j£,-;jf,"-ji, -j{",-si,-ji,-3j#
"nouveau, neuf",sigi,sègà,kij,sigi,kig,,siki:Kul=dya,sigi,kijà,sigà,kiji,kigi,kijà,
J | nouvelles,,pôÿ,,,kÔbE,,,ké,h0y,,käâs#,,,
noyau,känd#,gum,,kändx#,j1b#r1i,koOngo,,ngàw-ùr,günm,ka,güumb#+ruüu,känd#,gumbtru,
"nuageux, noir : être",il,il,,il,il,,il1,i],ilT,i,il,il,il,yil
"nuit, sombre : être",du,d+b#,,du,,,"ndùl : M=duüuu, d1iw",,,ndùl,,ndül,,
nuque,g0,go,kûüt-go,gär-go,y1-g0,,go,,,g0,go,go,go,
odeur nauséabond,,,,,,,,,sé£wé,s$é,,,sé,
oeil,kèm,kèm,kèm,kùm,küm,kàm,kèm,kèm,,kèm,küm,kèm,kèm,kùm
oeufs,kàw,kàw,kàäw,kàw,kàw,kdEè,kàw : Kul=hàBè,kàw,kàw,kdw,kà,kàw,kà,kàw
oignon sauvage ‘esp. de,,,,,,,,,ndi ja,ndi js,,,ndija,
oiseau,yè1,yèl,yèl,yèl,èl,àlI,è1 : Kul=k616,yèl,yèl,èl,yèl,èl,yèl,yèl
oiseau : drongo,,dängt,,,,gu,,£-ngàw-yo-àng,,jüm,)jüûm,) Îmti,j)ümbu,)ûmb#
ombre; esprit,ndi1,nd£$l,ni11,ndi1,ndil,njfl1i,njfl,n)jf1,ndf1,ndfil,ndil,ndil,ndfi,ndfil
oncle maternel,nan,nan,nan,,,,,,,,,,,
OS,,,,nan,nan,nano,naän : Kul=nono,nan,nan,nan,nan,nané,nan,nan
ze,dôg-gidé-kâre,,di-dé-j5d,-ddgi-de-kâre,ddg-gidè-kâre,,dikè-re-kâra,,,,,,,
Kul=ddgà-jà-hàré,,,,,,,,ddgi-giré-kéra,kilé-gidi-k£-k£ra,ddgi-gid-é-kâre,kùdti-gidi-kégrm,dôg-gir-é-kâra,kèt-gidi-kégt,
eille,mb1,mb1 : Do=mbt,,mb1,mb1,mb1,mb1 : Kul=mv1,mb1,mb1,mb1,mb1,mb1,mb1,
phelin,s+ngs,s?ngs,k1ngs,sEngs,k1ings,nüunga,s1nga : Kul=n5ngo,"singä, kingaäa",kænga,s1ings,k?ngs,singa,kingo,k+ngs
seille,dà,ré,dä4,dé,dä,yii,dé,ir1,yir,yf,yir,Îirt,yir,
Français :,,,,,,,,dé : Mh=dé,,dé,dé,däà,rà,dé
ourébi,,wal,,,,wale,,àrkàs,wal,wal,wal,,,wal
outil pour graver,,,,,,,,,gèrè,dù,,,gèrè,
ouvert,tâg#,tâgiré,täg,tégzra,wé,,tâk#,täâg#,tàgi,"tâégx, tèe",tèe,tég#,wôy,
ouvrir,tèe,tèe,Ôr,tèe,tèe,tée,tèe : Kul=te,tè,tèe,tèe,tèe,tèe,tèe,tèhe
pagaie,käy,kàây,häy,hàây,häy,häÿ,häy,häây,häy,hày,häy,häy,häÿ,
pagayer,151,151,pel,ns1,ns1l,,1s1,1S1,,1S1,nel,1el,nel,
pain,mépà,mépà,mäpà,mäapà,mäpé,mäpà,mbs,mép.,mäpà,mäpà,mépà,mäpà,mâapà,
pangolin,mèar-mangâ,màarmängä,,,màarè-mâno,yükà,,màar-mângä,màri-mângé,màr-mäangà,màèr-mâang,màar-mâangä,,
panier (pour pêcher),,,,,,,,kôro,,kor,,Kkoôr,,
"panier, sorte de",kàrè,kàrè,,kàrà,jängä,,kàrè,kàrè-bf,;4ng,kàärè,dob#,kàrè,jäng,
pantalons,,njala,njala,njala,njala,,njäla,pändà1o,njala,,njala,njälalä,njala,
panthère,kàgà,kàgà,,kàgà,kàk,kàbà,kàki,kàgi,kàgi,kàgi,kàgi,kàgi,kàgà,
papier; livre,mbete,mbste,,mbete,màaktuüb#,,mbete,mbidi : Mh=mbete,,mbete,mbete,mbede,maktuüub#,
papillon,£-1èbe,£-14-bè8,,$-lèwe,béd-bs y,kékéBE,üma,,,säbèle,k£-leti-bére,ébe,bèl-béi,
parce que,mba,tà-d5,kit5,mba-ki-k£,,1ô0hà-ré,mba-tà-10,mba,kÈt5-kàd#,d5-tàlè,tam-kàd#,mba-tà,todo,
pareil : être,to,tsk£,ti,toké,titz,,tokü,togé,titz,titz,titz,togf,titz,tit#
"parents, famille",n0j)+,n0)#,n6)j,n0)#,nùju,,nùju : Kul=haäfa,nùj1,,nüj#,ngè : N9T=n0j#,"ndj1,nû)j1","gir-kdji,ngè",
paresse,dàw,dàbà,,dàw,dàbà,ÈE,dàbà,dàbà,ngèe,dàbà,yày,ro5m,yày,
parole,tà,tà,,tà,tà,hàa,tàr,tàr : M=tàa,,Béy-täé,nàjz,tàr,nàj+,
partager,Kkay,gaya,,kaäy,n0b6,,käy,käy,,kay,nuüubo,käy,keng,
partir,dt},ÔtÀ,,,ôti,,,ddË,t9ÿ,,,nddy,,
"pas, ne ... pas",à Î,à {,à Î,è {,lé,,ànñg,àñg,àÎ,à Î,àlé,è {,àf,à Î
passer sur le feu,yolè,yolè,,,,,,yôlè : Mh=tùlo,,yolè,,yôlè,gire,
patate douce,bangàw,bangàw,,,,,,,,,,,,
pe,,,baängàw,bangàäw,bängàw,bangàw,baängàw,bangàw,bangàw,b5ngdw,bSngà,bangäw,bangàw,bängàw
ume,,dà-j1,dà-jt,,dà-11,,,dàb}là,dàa-j1:Nar-dàa-j1,,,dàämlà-it,,
iuvreté,nd00,ndoo,ndo,ndû0,nddo,nàhà,ndoo,ndÔ0 : Mh=ndo06,,ndoo,nd00,ndoo,ndo0o,
yer,Ègs,ègs : Do=ùba,,ùgs,ùgs,ùba,küka,ùga,"ba, ga",ùgs,Ègs,ùga,iga,
au,ngxrs,ngzxrs,,ng#rs,ngire,,ngira,ng1ra,ngzra,ngirs,ng#rs,ng1ira,ng#ra,-bomb#
"‘au, cuir",ndaà,ndaà,,ndaf,ndaf,ndää,ndaf,ndaf,,ndaä,ndaf,ndaf,ndaf,ndaf
cheur,mbàw,mbàw,ngè-ndo-kan)j,mbàw,mbàw,,mbàw,mbàw,nâw,mbdw,näéw,mbàw,"név,",ndo
peler,,,,,ndi ye,,,,,téy,,,nglya,
pénétrer dans l'eau,èn,èn,,ùn,èn,àn1,èn,èn,ùn,èn,ùdà,èn,ûn,
pénis,bsr,bsr,,,,,,bS rs,bär,,,bsn,,
perche pour cueillir,,,,,,gS,,käg:-kün;à,koông,,kong,,,
perdrix,kèrè,,,kèrè,kàri,,kèrè,kèrt,kèrè,sènè,kèrwè,kèrè,kèrwèy,
père,bàw,bàiw,bürà,bài,bà5,bi yà,bS : Kul=vi y,bS,b35,b3bE,bb#,bàñ,bôbE,bèrà
perles,mèdi,mèdi,mèd,mèdi,mèdà,KkSBÈ-KÜLE,mèr,mèr,,mèdà,mèdè,mèr,mèd,
personne,dèw,dèw,dèe,dèe,dd0,dèbe,dèi : Kul=dèBe,dèvw,dèe,doôi,dèe,dèw,dèe,
personne avec le même nom,,,,,kdyé : Mh=nddÿ,,,,,ndoÿ,,,ndoÿ,
petit :être,duû,duû,j$,ndé,"duû, ndéy",66,,"nà, njé",duû,,duû,,,
- Langues Sara,,,,,,,,,,,,"duüû, läm",duû,béhé
"peu, un peu",ndé,j41 : Do=i,,ndé,ndéy,55ÿ,sé : Kul=y5sén,njé,s1i,sé,sé,b61,séy,sé
phacochère,bèr,bèr,bèd,bôr,bèr,bàrü,bèr,bèrs : Mh=bèr,,bèr,bôr-k£-wàà,bèr,bôr,bôr
"pied, jambe",njà,njà,njà,n)jà,n)jà,njàa,gà1 : Kul=njà,gdl,n)jà,njà,njà,qàl,njà,
piège,mbàng+ra,gum,,gum,gqum,gomb1,m-mbàrè,gunm,,gum,gum,qum,gqum,gumb#
pièrre de divination,,,,,,,,,wôr,è,,,wor,
"pigeon, tourterelle",d$é,dé,dér,dér,dér,déè,dér,£-dér,,dé,dér,dér,dér,dér
piler,ùr,,,ùr,,,,ùrù,ùr,ùûr,ùr,ùr,ùr,
piler (pour enlever le son),sèw,sèbà,s00,s00,s00,,sùwa,sèbè,,sèbà,sûws,sèbà,sdb#,
pilon,goy,goy,goy,gùy,goy,goo,gùy,gày : Mh=gdy,,gy,gdy,gày,gdy,
piment,j41,dûgà,ndéngé,j)4l,käb#,sftà,j41l,Èida,sita,käb#,kâré,"kaäba,",kâra,
"pincer, gratter",ùgi,mène,ùg,ùgè,ùgù,ùgù,ùkù,ùgù,,ùgi,ùgi,ùgù,ùgà,
pintade,tànji,tànji,tàn),tànji,tànji,tànjà,tànji,tènji,tànji,tànji,tènji,tànji,tànjà,
pipe,t06,td6,,tôf,,giro-sèli,£-türû,bày-sà,tôf,to6,,bày-sà,gdl-mâang,
piquer,dsÈi,dsi : Dh=3s,,dsE,dsE,ùdù,3sà,dsÈ : Mh=dsi,,dsÈ,dsÈ,dsi,dsi,wèsi
piquer,tüg£,tüug#,,,,,,,tügx,,,,,
pirogue,t0,to,to,tow,to,toho,to,to : Mh=too,,to,t0,to,too,tohù
"ace de, traces de",tôw,té,,bàng#,go,,türu,kf13,,té,gôti,dà-gà1,bông,
acenta,kéy-ngon,kày,Kk3,kdy,kd,nèEe,k3y3,kdwè,,kdy,kôw,k3 y,kà,
"aie, blessure",do,do,do,do,do,dÔo,dù : Kul=diyù : Mob=ddo,,,dàù,do,do,dù,dù
aire,nè1,nèl : Do=nèl,,nèl,nèl,,nèl,1à1] : Mh=nèl,,nèl,nèl,1è1,nèl,nèl
"anche, bois plat",,,,,,,,,bèr,bègèrè,,,bàr,
eurer,n9,n0,,n0,n0©,,n0 : Kul=n5,no,nGo,no,n©,no,no,s5m
eurer à sanglots,,,,,,,,,"si1,sik#, s{1",sik#,,,,
uie,nd1,nd1,nj1,nd1,ndi,nj1,n)1:Kul=ya,nj1,nd1i,nd1,"nd1i, màan",nd1,man,nd1
plume,bèl,bèl : Do=bèl,,bèl,bèl,bèlé,bèT,bèT,,bè],bèl,bèl,bèl,bèl
poche,,,,,,kôÿ,,püsüû,bädi-küb#,,,,,pésà
poil,bil,biI,bil,bil,bil,bèlé,bit,,bit,bèT,bit,bit,bil,bir
pois de terre,wüûl,wûl,wûl-ndà,wüûl,wüûl,,wüûl-boô,ûl-bo,,bè-B4,wüûl,Bül-ndà,wûl,
poison,kèngi,kèngi,,kèng#,kèng,,,té,wong,kings,kègè,màst,kông,
poisson,känj,känjx,kan)j,kanjz,känj+:KbN-kanje,,känj+:Kul=hanje,känji,känjz,känj+,kan)jt,kan)ji,kaän)j+,
poisson : capitaine,gàm-sa,kèsèngà,,,,mono-känje,£-gämäsaä,kèm-déy,kèsèng,kèm-ndéy,kèsèng,kèm-nd5y,kèsèng,-kèsèng
poisson :esp. de,,,,,,,,yüwà,,wi yà,,,,
poisson :esp. de,,,tib : KoN=t£6i,,,,,,tiw,siw,,,,
poisson :esp. de,,,,,,,,,wüd£,wüdx,,,,
poisson :esp. de,,dS Î,,,ds Î,,,,doi,d8 Î,,ds Î,,
poitrine,gû,gü : Do=bà,,qüû,ngà-ndéb#,,nè-gû,"ké6,no-Kk6",güu,no-gûy,ngànj+,"sènè-kàr,",ngànjà,
pomme cannelle,,bdb£r5-m£ndz,,,mbdr,,mbèr,mbàrà,mbr,mbà,mbôr,mbôr,mbèr,mbèr
| pomme d'Adam,p6-m£ndr,£-gùÎ,j5r-k$b,jàm-méndém,pèr-k$bé,gÔle,,kônjôr,jdr-k$$,tSbz-minds,g0,ngàdingé,go-mindi,
pont,ndé,bäbirà,,,,,ndé,ndà : Mh=ndéa,,bàbèrà,,déi,ndéà,
porc-épic,1ys,+ys,1y9,1ys,wuüys,,ya,1 ya : Mh=yzwa,,1ys,mbinj#,1ya,mbinjà,
porte,tà-kéy,,tà-küû;,tà-k$éy,tà-kéy,,tà-kéy:Kul=tà-bitf,tà-déw,tà-déb#,"tà-kéy, tà-débx",tè-kûjr,tà-kéy,tà-küûjz,-tà-kûj#
porter,Ôtx#,Ôt#,ito,dtr,"dto, dy",it0,Ôto,ddo,to,0ts,dto,dd0,"dto,9y",)j-
porter (des habit),,95,,,95,,35,3,d0,,,,,
porter [habits],È1è,,ùlà,ùlè,ùlè,,"Kkd5,",,1à,ùlè,05,95,00,
poser à plat,Èinds,inds,ünda,inds,ùnds,inda,ùnda,ùnda,nda,inds,ènds,ünda,inda,66hé
"poser, incliner contre",,,,,nduns : Mh=nd£na,,,,,nduns,,,nd#na,
poteau tri fourchu,,,,,di rè,,,,,di rè,,,dirà,
pou,ng£$ss,ng£s5,ngisaä,ng£$ss,ngiss,ngisa,ngisa,ngisa,ngisa,ndiss,ng$s5,ngisa,ng£sa,
poulet,kinjé,kinjé,kün)jé,kinjé,künjé,kunjé,künjà:Kul=küunjé,kün)jé,kinjä,künjé,knjé,künjä,knjà,kæn)jà
ur que,,,,kàd#,1s,,kÈ-tà,mba,,kà,,mba,ya,tà
ur rien,kàre-bè,,,ndangé,kàre,,njà-bè,bà4-;jà3,ki-ndäñg,kàre-bè,ndañg,g#-ndanñg,ki-ndanñng,
ur; à cause de,mba-tà-18,tàds,,mba-tà,tèds : Mh=kÈtsS,,,,,ki-d5,tam-ya,mba,nàj#,-tam-ya
urquoi,mba-di,d5-rfi,t5-di,mba-di,tèds-df,,mba-tà-di,mba-df : Mh=kÈit5-df,,ki-d5-df,"nàj#-di,",mba-di,tam-ri,tam-di
urri : être,ndüûm,ndûm,ndüm,ndüm,ndûüm,,ndûm,ndùm,ndûm,ndùm,ndüûm,ndûüm,ndûm,
usser,ibè,,,,ûbè,,ùPà,ùPà : Mh=Bà,,,ità,,,
ussière,,bàäbür,,büû,,,,,sd$bürü,,,bébürü,,
ussière,bùû,bü : Do=bü,,bùû,bübüru,bàmbü,büm,bu,büu,kÔd#,,,,
Français :,,,,,,,,,,,büumbürü : NgT-büumbür,KkÔr,bümbür,
"premier, d'abord",dds4y,ddà-séy,,,dSséy,,dôngèr,dôngèr : M=dàsé,,"béy-ba4, kété",dètél : N9T=-ddsé,béd$f-b4,tàgà-dà,
prendre,tàa,tàa,taa,tàa,tàa,tàka,tàa,tà : M=tàa,,tàa,tàa,ta,tàa,-tàha
prendre,ùûn,ûn,ûn,ûn,ûn,,ùn,üûn,ùûn,ûn,ùn,ùn,ûn,wüûn
préparer la bouillie,té,tà,ù,tà,té,,tàé,tà,d0,tà,té,tà,t4,
presser avec doigts,,,,,,,,,sà,isè,,,isà,
"presser, forcer",0rè,oôrè,,mb#se,,,,drè,irè,,"èrè, mbére",odrè,,
"prêter, emprunter",tuüuns,t5no,,tüns,tüne,,tüna,tuüna,tÆna,tüns,t£ns,tüna,tzna,t#na
prix,gat#,gat#+,,gat+,gat+,käsa,"gat+, nàrè",gaäd#,gat#,gat#,gatt,gadx,gat#,-gat#
problème,tà,,,tà,tà,,tàr,,,tà,nàj#,tà,"tàa,nàj#",
proche,dèp}i,bàsi,ngeg,gSdx,ngèr,,ngôr-s{,dèbà,ngèr,mbS,ngôr,"dèbè,ng5si",ngdr,
"profond, être",èw,ù,ùr,ûW,èbà,wûlüu,ùrûù,ùrù,do,ù,lüû,ùr,lüûu,
profondeur,,,,,düngé,,,bI,bül,,bül,ngül-àma,bül,
proposer,d]i,,ümba,,,,,33i,mba,,,,nûn,
propriétaire,njè,njè,ngè,njè,njè,ki-6aka,njè,njè,ngè,njè,ngè,njè,ngè,ngè
propriétaire,£-6s,£ba,kiBe,Biys,küwé,,656,£65,,£-6a,küws,n;è,küwà,
puiser,ddi,,,ddi,ddi,,9rù,to,3d3/34dE,ddà,ddà,t0,ddi,
puits,bèl1è-màn,bôlè-maànñ,bild-màn,bàlè,bolè-màan,rèy,büwä-man,buwä-man,dèe,bdlè-màn,bôl1d-màn,bùlà-maàn,bil1dô-màñ,b+ilo-man | q
punaise des lits,,£-Bômo,,,55-63r,,£-65-65r,65r a,t£ya-b5r,£-Baà-bès,,,,
pus,$1,wüy,b1,B1,wüy,wüy,w1,wIi,bti,Bx,B1,y1,w1y,wi a
python,màm,mam,mam,mèm,l1-ngat,mamà,mam,mäm a,môm,mäm,mam,màm,màam,màm
quand,1d-k£,10-k#,1d-ngàà,1d-k£,1d-k£,,toké,,,1d-k£,1d-n Qu,10-g£,"dàn-n,1ù-nñ",
quand?,màté,,,,ldti-bày,,,,dingäyt#,,d£ngéy-t#,,réngéy-t# Cu,
quatre,s5,s$,s$,s6,s6,s536,s$ : Kul=s3$,s$,s$$,s$,s$,s6,s re,
"que, pour que",kàd#,kàd#,,kàd#,kàd#,,kàr,kàr,,kàd#,"kàdt, tam-kàd#",kàr,kàdz,KkàdE
"que, qui",$,,,é,é,Kk£,B4,Bä,hé,B4,ù,b4,ù,hé
"le, qui, ce que, ce qui",,,,ndùns,k#,,Kk£,,n,k£,n,g#$,n,
"1e, quoi",ɗ,rf,di,df,ɗi,,df,ɗf,di,di,ɗi,di,ri,ɗ
"iémander, solliciter (don)",,k3y,kà,kdy,k3,n;3Bè,k3y,kdwày,k93,kdy,gèdè,k3dy,gèdè,
eue,bôngi,mdng,Sèng,Bèngi,bông,kilé,Bông,Bèngi,bông,mdng,kÈ15,Bông,k:lé,bông
"ii, que",né,né,né,né,né,n4a,né,né : Mh=néa,k£,né,né,né,néa,néa
icines,ngèrè,,ngirà,ngèrè,ngirè,gigit,,ngirà,ngàrà,ngirè,ngèrè,ngirà,ngirà,ngèrà
"ramasser, prendre",3y,mbé,dy,dy,dy,,dy,ôd5,3y,dy,dy,"3y, ddo",dy,wûy
ramper (un enfant),àgi,àgà,àg,àgi,àgà,ndégs,àki : Kul=àlà,àgi,àgi,àgi,àgà,àgà,àgà,àgà
ramper (une plante),àlè,àlè,àl,àl à,àlè,àlà,àlè,àlè : Mh=àl,,àlè,àliyà,àle,àl,
rancune,bàa,bàa,bàa,gâàl,bàa,bäng,bà3,bàa,bàa,bà3,bàa,bàa,bàz,
"raser, se",ngèiss,ngèiss5,,ngèss,ndiss,,ngisa,gisa,ngisx,ndiss,,ndisa,ngèsa,disa
rasoir,y£ngs,y£ngs,,y{ngs,yingè,ninà,yfnga : Mh=yingä,,,br,yeng,yinga,yingä,
"rassasié, être",ndan,ndan,,ndan,ndat,,ndaän : Mh=ndaän,,,ndai,ndan,ndan,ndan,
rassembler,käw,käw,,kâw,k$b£,,mbü,,,,,,,
- Langues Sara,,,,,,,,mbé : Mh=kä,,kéw,käân,mb6,kéñ,kän
rat :esp. de,,,,,,,,läng#,läng,,yégr-tüub#,làng,,
rat :esp. de,,nèm,,,nim,ki-yimi,,£-nim,nim,nin,,nim,,
rat :esp. de,,,,,ngdyo,,,,njdy,büngèiràang,,,,
"rat, souris",yégE,yégz,yég,yégx,yégE,,yékE : Kul=kéBE,dég#,,yég#,yég#,yégx,yégE,
1 | rater; manquer,nàl,nàl : Do=nàl,,nàl,nàl,nàlä,1àI,1à1,,nàl,nàl,1àl,nàl,nàl
rattraper,,nag£,,,nar,,,,nag£,nag#,,,,
rayon de miel,,mbàa,,,,,,mbèrx,mbèr,,mbàl,,,mbàr
redresser,nd4jx,ndéj#,,,,,,"nd$i1,ndû;jt",mbéjx,,,nàr,,
redresser,,,,,ndä)j£,,,,ndéj#,ndäj#,,,ndàâj#,
\ | réfléchir,mèr,,gä,mèr,gir,,èj1,èj1,gaa,gfir,gîir,ènj1,gir,
refroidir,11ys,1:ys,,tür,,,,pé1,11ya,,,,,
refuser,mbat£,mbat#,,mbSt£,mbaté,,mbsté£,mbäd£ : Mob=mbeté,,mbat£,mbat#i,mbad#,mbaté,mbeté
remplir,dèsi,rèsà,dès,dèsi,dûsû,rèsù,dûsû,dûsù,,dûsi,ddsài :NgT-dèsi,dûsù,rdsi,
remuer,koré,koré,,,kore,,kor6,kor6,"küro, k:ro",külè,,kore,,
remuer,Pügülü : Do=bèr,,,koré,kûturu,,,längi,,kdtürûü,,gqudüru,,pée
rencontrer,,,,,ndÔt#,,,,,ndôd#,,,ndod#,
renvoyer; chasser,tüwe,tüuwo,,tuws,tubs,t565,tüba,"tüba, t5bx","tüwa, t+6ä",tübs,tEbs,tüba,t+ba,tzha
répandre une odeur,ètà,ètà: Dbh=ôt,,ètà,ètà,àtù,ètài,èndà,dtà,ètà,dti:NgT-Ôdtà,èndi,dtà,
‘pas sans sauce,,,,,süûtü : Mh=sûté,,,,,,,tüdü,,
‘pondre,ndigi,ndig,,ndigi,ndigà,,njiki,njigi,ndigi,ndigi,ndigi,"yàgidà,",ndigi,
:sidu,njè,bèisx,bis,yè,yè,,siyà,"yà, nàngà",bis#,yè,yè,bisx,k1yä,k5h$
spiration; repos; souffle,kès,kèS,kdo,kd6,kèb#,kàw,kèm,kèw,,kès,k00,kèms,kdo,koho
ste,nd$gz,g4,ndég,,yong-yong,ndäki,,gèsà,nd£gà,nd$ég#,,gèsx,,
2ster,này,này,này,này,này,,này,này,này,này,nèy,này,này,nàhà
tailler,,,,,,,,,sée,s$y,,,sée,
"veiller, se réveiller",ndél,ndél,ndél,ndél,ndél,ndu,ndél1,ndél,ndél,ndél,ndél,ndél1,ndél,ndél
"venir, rentrer; tourner",té1,tél,tél,tél,tél,télè,,,,,,,,
Français :,,,,,,,tél : Kul=ndélè,té.,tél,tél,tél,tél,téi,tél
rêver; rêve,n1,n1,n1,n1,n1i,n1,n1,n1,n1i,n1,n1,n1,n1,
rhinocéros,kàsi-bâànt,bèn,ông,,bèrnè,bàn,,gàji-bèr£,bàn,àsibàn1i,bène,"kàsi-bàri,",bèn,bènx
rhumatisme,,kagx,,kagz,,,,kGg+,kag#,kag+,,,,
rien; vide; normale,kàre,,bal,kàre,kàre,Kké,bàa,bàa,kàri,kàre,kàr1,kàr1,kàrli,kàr1
rincer,ùsi,sûk£,,sûku,sûku,süûk,sûku,sùgu,,sùk#,sùk#,sûqgü,sèk+E,
rire,kog#,kôg#,igo,kôgx,ùgo,tübo,kÔko,kôgo,go,kôgt,0g0,kôqt,"kègo,dgo",igo
rival,jàngi,jàngà,;àng,jàng,)jàng,,jàng,jàn,; àng,jàng,)jàng,jàng :Sr-=jàng,,j)àng
| | rônier,mà,mà,,màr,màr,,mar,màr,màr,mar,màr,mèàr,màr,mèàr
rosée,tàl,tàl : Do=tàl,,tàl,tàl,tàl10,tà1,tàlT,tàl,tàl,tàl : Ng9T=tàl,tàl,tàl,
". | roter, éructer",dài},dài},èng,dèji,gèdè,,dùù,dàji,gijè,dèjà,gijè,dèji,g+)jà,
rouge : être,kàsi,Kkèr,kàs,kàsi,kèr,àkè,kàsè : Kul=àkè,kèsi-g£-kàsi,kère,kàsi,kère,kàsi,kire,kèide
"route, chemin",déw,rébx,d6b,déw,déb#,r6bà,d6 : Kul=dévè,déw,,déb#,déb#,débé,r6bi,déb£
ruche,rôwe,rébe,,rôws,pôre,nüPa,ré6bo,béro,rübo,péne,r6b0,mbéro,h6ro,j)rng
rugueux : être,ngàmämà,,,ngà,ngirè,màangàrà,ngèndirè,hàngàyà,,ngd,ngd,ng,ngà,
sable,$f-nangira,,,"$-nangéira, £-nang£ra",yè-ngir,,,£-nàèngéira,néng,yéngzra,bümbürü,nég£ira sé,näng,
sable,,,,,yè-ngir,,£-néngéré,£-nàng£ra,ngér,yängzra,njärém-ngoy,nängéra,ngàr se,nàng
sac,651,561,661,B$1,séng,,B#1,B$1 : Mh=B$1,,mbù,ngông,6$1,ngông sa,ngông
sagaiïe : sorte de,,gàgi,,,gàg,,,ningà-mbüsu,gàgà se,gàgà,,,,
"sagaie, lance",nèngè,nèngè,ningà,ningè,ningè,ningà,ningà,ningà,ningà,ningè sé,nèingè : Ng9T=nèngà,ningà,ningà,
"saisir, prendre",ùwè,ûwè,ùwà,ùwè,üwè,ùkà,üwà,üwà,hà,dwè,ùwè,üwà,ihà,Èhà se
saison pluvieuse,Pàr,Pà : Do=bèr,,Pèàr,Bèàr,Fà,Pèr,Bàr : M=Bèr,,,Pèr,bàr |s,bèàr,ng5m
saison seche,nay-kàdi,näy-kàdi,bal,nay-kàdà,B6al,,neéy-kàr,nay-kàr,Ba1,näy-kàdi,6ä1l,näy-kàr,bal,
ileté,yor6,Bèbi,midé,yoré,yoré,Kk1r6,y5r6,yoré,yuré,yoré,horé,y1ré6,yoré,nüré
"live, crachat",yoro,,or,man-tà,yor,wE,wèrs,yiro,hor,ÿyoro,h5r,y1iro,h6r,hor
indale,,,,,,,,bÜba,,pâpé,p4pa,,,
ing,mÉésx,mésx,,mésE,mést,,mésx,mésx,,mést,môs#,mést,mosà,
ingsue,£-tSndx,£-tsndx,,,tsndx,taäl-nj1,£-tsndx,$-t5ndz,k£-tändz,téndé,tendz,téndx,tend*,
ins,s4,ànjz,sé,àn)r,ànj#,,,,,nàl,kànjr:NgT-kànj#,,kànj,
uce,téy,téy,té,nây,tér,térd,néy : Kul=tärd,n4y,,,,,,
Français :,,,,,,,,,t4a,nây,té,néy,téà,té
saut,bàl,bàl,,,bàl,,,,bàl,,bàl,täl,bàl,
sauterelle,,,,£da,gàri,yimi,£-gàbirà,£-sîm,k£-däa,gäbri:Nar-gäjé-sîir,,gâbirà,gàw,
"savoir, connaître",gèr,gès,gèr,gèr,gèr,gèy,gèr : Kul=GÈèE,gèrs,gèr,gèr,gèr,gèr,gèr,gèr
scolopendre,,ndànè,,,ndàri,ki-ndàm-ndà,,ndàrè,ndori,,ndàriyà,ndàrè,,
scorpion,£-ni,£-ni,,£-ni,küj£-nàng,güna,£-n£ii,i,"g£né, g£né",jfins,g£ns,i,kék£ràng,g£né
sec : être,tùti,tûti,,tûti,tütù,,Etùtù,tüdù,tùtà,tüti,tùti,tüdù,tûti,tùtà
sec : être (en surface),ày,àÿ,ày,ày,"ày, tütù",,ày,ày,,ày,ày,ày,ày,
secko,ndôg#,"mbog#,",ndog,ndûg#,,,,,,,,,,
- Langues Sara,,,,,ndègo,kiyè,ndoko : Kul=dèbo,ndoôgo,ndôg#,ndôg#,ndôg#,ndogo,ndô0g#,ndog#
secouer,yék#,,yék,s£ks,yéy,,yékxE,"yé : M=yée, vyékz",,yék#,s£kS,yégx,yée,yée
sein,mbà,mbà,mbà,mbà,mbà,mbäa,mbà,mbà,mbàa,mbà,mbà,mbà,mbà,mbà
sel,kàt#,kàt#,,kàtx,"kàt#,",kàta,kàt#,kàd=,kàt#,kàt=,kàt#,kàd#,kàt#,-kàt#
semoule,)£ngs,j)#ngs,) ingà,jings,;jfngs,ginjà,;fnga,jinga,; fngà,) ing,)£#ngs,jfnga,jingà,
separer,gangt,gangx,,gangx,gang,,gang,gang+,gang,gäang,gang,gang,gang,gäng
sept,s1ri,s#ri,més-)06ɗ,stri,séjr-mûté,mitik1j6,s1ri,s1ri,tèni-mità,s1ri,siri,s1ri,s1rf,s1ri
"serment; honneur, justice",,,,,,,,nàj1,nàj#,,nàj+#,nàj1,,
serpent,11,11 : Dbh=1,,11,11,-11,11 : Kul=yo,11,11i,11:Nar-1l1,,11,11,
"serpent, esp. de",,,,,,,,ndûbù : Mh=ndùbà,,ndübà,,ndûbù,ndùbà,ndübà
serrer,,,,,nàm,njùrt,,,nèima,,,,,
sésame,Kké,ké,kér,kér,kér,kéÿ,kér,kér,,ké,kôr,kér,két,kér
"seul, tout seul",kär,kâr,,kè-kâr,sè-kér-àù,,ki-kär,"kär,gè-kàr",ki-k£ra-ù,,k£-kôgE-:NgT-kère,kâri,kér,
seulement,)$ : Do=bè,,,pär,küûws : Kul=häyé,,,,kdo-n,dè,kéno-nàa,bàé,ngoÿ,kôonif
sève; glu,,,,tüw,no,Et1b1,,C1b1,t1w,,t1b#,,,
si,sé,sé,ké,ké,ké,,sé,sé,,sé,ké,sé,ké,
_fflet,,,,tow,,,,tSbE : Mh=tow,,,,,,
lure : esp. de,gür,ndèl,,,n;jil,,,,,ndèl,ndèl,,ndèl,
lure : esp. de,,gàgi,,,,gàgà,,gàgi,enlevent,gàgà : NJT=gàgà:Sr-gàgà,,,,
.nge,6èt#,bèt#,bèt,bètx,bètz,Bètt,Bètz,Bèas,bètx,bètE,$ètz:NgT-Bètz,$èdz,Bètz,
-roter,iw,,,èw:Kul=ûtt,,,,pèr,ibà,ibà,,n3,ùmb#,
.X,mèhé,mèhé,mihé,mèhé,mèté-mûté,mèké,misé : Kul=tikira,misé,k£-bdy-dèt#,mèhé,mèhé,misä,mèhé,mèhé
if,kènds,kinds,künda,kèinds,künds,kùnja,künda,künda,kènda,künds,kèndS,kùnda,kèinda,kindo-màn
ir,,,,1d-sd1$,1d-sèI,,,kimà-tàgf,1d-k£-sd1-é,,ld-sd1i,kümètàg£,1d-sd1-i,-1d-s31
soleil,kàdi,kàdi,kàd,kàdi,kàdi,,kàr : Kul=hàjà,kàr,kàdi,kàdi,mbàng : Ng9T=-kàdi,kàr,mbàng,
solitude,,kàl,,,,nè-kàlà,,,käàl,,kàl,,,
"sombre, nuit",,tèil,,til,til,silt,til,,til,til,til,til,til,til
somnoler,,,,,nS 1,,,léng#,tän,l1éng#,tün:Sr-tüûn,,,
son de mil,bèns,bins,,bÈns,bins,gù rà,£-Fèñg,bina,"bèina,bèna",bins,bèns,bina,bèina,bèna
"son, sa",-6,è,-à4,-nè,-é,,-é,-é,-à,-é,-ù,-é,-ù,-nù
sorcier,kèims,kèims,mä Î,"njè-kùmS, kûwé",küms,,küma,njè-mbe,kèima,njè-yo,kèims,nj)è-kûma,kèma,
sorgho,9dji,99j?,,gdj,gdjÀ,g33jè,mdksy,mùgay,,go;;,,,,
- Langues Sara,,,,,,,,,,,gdji,goji,gdjà,
sortir,tèée,,tèe,,tèe,tàk1,tèe,Cè,tèe,tèeé,tèe,"tèe,tèe:Sr-tèe",,
souche,jigz,j#g,,j1g9+,)j1g#,gIgI,jIikz,,g1g+,)1g+,bede,)j1g1,b+rde,brde
sourd-muet,,,,,,,,njè-mb1-küdu,mbé6o,mbikt,mbikzi,,,
"sous, dessous",gîin,gén,,g#n,gfir,mèy,gé1,gé1,gir,giîn,gir,gél,gir,-gir
spatule en bois,gès,gès,kä-gèr,gèr,gèr,,gèr,gèr,gèr,gès,gèr : Ng9T=gèr,gèr,gèr,
stérilité,kùjà,kùjà,,kùj)+,kùjù,kùji,,kàdà,kùjà,kùjà,kùjà,kàdi,kùjà,-kù)?
sucer,,nj£bz,njib,nju,njib#,nj66ü,,nj£B6t,n)üûûu,n)1b#,nj{b#,n;1b1,njfb#z,njûbz
sucer,ning£#,ning#,neng,ning#,,,,,ntnñg,ning,1eng,,,0
sucer (enfant),i1,È1,il,il,il,,il,il,il,il,il,il,il,yil
sucré : être,mba,léndz,rép,mbän,lind#,ndere,r£,r11i,yik#,lindx,nèl,r1i,lündz,n1k#
sueur; suer,tètz,tètz,,tûtz,tètz,,tètz,tèds,tùto,tètz,tète,tèd#,tôto,tÈito
suivre,,,,,ndôlè : M=ndüûlo,,,,,ndolè,,,,
"sur, dans",dà,dà,dù,dà,dè,j3,dS : Kul=tàmM-)9,dù,dS,dà,dà,d5,dù,
tabac,mäâng#,dà-bü-b+ys,mäng,mangx,mäng,sè1i,mäng,gàw-yà,,méñg,mâng,sà,m4éùg,mäng
tabouret,k£mbsr,k:mbor,"käg-nji,mbata",k£mbér,ké11,mbata,mbata,,,,,,,
€,,,,,,,,mbäda : Mh=mbata,,kél1,komber,ké11,komberé,kembere
"icher ,enduire (d'huile)",,,,,rété,,,,làât#,râêt#,,,,
1iller; affûter,,,té1,t61l,,,tS1,t$1l,t$l,tél,t61,t61,,
lon,,g£édz,,,,,,gir-gàl,gid£,,gändx,,,
imarinier,màs#,màs+,màs,màès+,màst,,màs+,màs#t,màs+,màst,màs# : Ng9T=màs#,màs#,màs#t,
imbour,kddi,k9di,kôd,kôdi,kôdi,,dàlè,dàlè,kÔdÈ,,kddi,dà1è,kôdi,
imbour à deux faces,dàlè,dàlè,,dàl à,dàlè,ndüm,b1irim,dàlè : M=dàli,,,dàliyà,dàlè,,
"imbour, grand",,gäng#,,gäng#,gängéà,dala,géñg,bolà,gâng,gäng,gângé,gâng,gängä,gängä
mis,tème,tème,,,tème,tème,,tèmeé,"tème, tèmé",tème,,,,
Français :,,,,,,,,,,,tème,-tème,tème,
tamis : sorte de,,yètè,,iyàètiyà,jèng-15ng,,,,yàtà,yàtè,,yàdi,sàn-ndii,
tamis : sorte de,,sàñ : Do=kire,,sàn,,,,sàn,saàn,,,sàn,,
tamiser,,,,,s1ys,géngo,,dàl,,s+ka,"s1ys,",sa,,
tamiser,,,,,,,,,s1ya,s1ys,,,s1ya,
tante paternelle,bèñ,bèn,bèr,bèn,bèn,bène,bèàn : Kul=vènu,bin,bàr,bèñ,bèn,bèn,bèn,
tapioca blanc,qs,gé,,ger,gér,gâÿ,,gér,nder,gé,ger,,gér,
tarir,i1,\i1,i1,i1,it,r0Kkü,i1,i1,)1,it,ir,it,ii,
tas,,,,,,Bäà,,,düu,,,,dub#,
te (acc. s.),-1,-1: Do=-1,,-1,-1,"),1",-1 : Kul=Kk1,-1,-1,-1,-1,-1,-1,
tendons (de viande),ngirè,ngèrè,ngirà,ng+rè,,,,,,,,,,
- Langues Sara,,,,,ngirè,,ngirà,,ngàrà,ngirè,ngèrè : NJT=ngèrà,ngirà,,
termite : esp. de,,,,déngirà,,,,£-dongirod,,dôngèrà,dôngèrà,,,
termite ailé,wa,wa,wa,wa,wa,kf-yèmbé,wa,wa : Mh=waa,,wa,wa,wa,wa,
termite blanc,Yy0,y0,yo,y0,yÿ0,,yo,yo,y0o,s51515,yo,yo,yo,y0
"terre, sol",nàngi,nàngi,nèng,nàngà,nàng,,nàng,nàngi,nàng,nàängä,nàng,nàng,nàng,dà-ningà
terre; territoire,dd-nàng,dà-nàngi,dà-nèng,"dà-k5r,be",dè-nàng,ngäa,di-nàng,dà-nàngi,,ddà-nàng,dd-nàng,dà-nàng,dd-nàng,ning
testicules,ngôr,gèm,,ngôr,güm,gàm,gèm,gèm,,k5r-gèm,ndàm,gèm,ndèm,ndàm
tête,d5,d5,dà,dà,dè,j35,dà : Kul=39,,dà,dà,dà,d,dà,dà
tibia,kas+,-käst,käs,käs+t-njà,käsx,B315,nd-g31l,poro-käsx,kas+,k5m-njà,kast,kägr-gl,kaäst,-kast
tiède : être,,,,,Ôbz,,,püré-po,35,,,,,
tige,käd#,käd#,,käâdE,käd#,kädà,kâr#,kàr,käd£,käd#,kàd#,kär,kàl,-gédé
tique,m} y,mèyè,,mè,mè,,miyà,£-m)vyà,mèe,m)yè,miys,m)yà,miyà,
tirer,ndér,ndér,ndér,dr,ndér,Srè,ndér,ndôr,nd$r,ndér,dr,ndér,nd6r,
toile d'araignée,jônde,jônde,,jônde,ginds,yà,gindo,"jôndo, bändx : M=dündo",,jinds,jônd5,gindo,dônd5,dèndo
tombe,,bédx,,-dà-Bäd#,dè-Bädé,Béaà,dà-bér,dà-Bâr#,dà-béd£,d35-Bäâdx,dè-b4dz : N3T=-bédé,dà-bér,dd-B4ai,
mber,Ôs#,Ôs#,iso,dsx,ds0,iso,Ôs0 : Kul=iso,ds0o,s0,ùs#,0s0,ùs0,ds0o,
mber (en groupe),,,,,tésé : Mh=téso,,,,,tüsx,,,t£so,
mber (pluie),èdi,èdi,èd,èdi,èdài,àri,èr : Kul=àri,èr,èdi,èdi,,èr,èdi,yèdi
mber par terre,,,,,,,,,ùr,ùr,,,ùr,
"on, ta; toi",-1,-1,-1,-{,-f,i,,-f,-£,-f,-1,-i,-i,-f
>rche de paille,ngèl,ngèl,,ngèl,tüsù,mbèhs,ngèl,ngè1l : Mh=ngèl,,ngèl,ngèl,ngèl,ngèl,ngèl
rdre; être courbé,dùgi,rûgà,,dûgi,dùügü,g6ÿ,dûkù,dügù,dûgi,dègà,dùgi : NgT-dùgi,dûgù,rûgi,
>rdu : être,,,,,,,,,nduy,ndu,,,ndur,
>rtue : esp. de,mèy,mèy,mè,mè,mey,mànù,,,,,,,,
Français :,,,,,,,me y,mèy : M=mèe,,mèy,mè,mèy,mÈè,mè
tortue : esp. de,bé1,bél,,boÎ,,,,,boÎ:Nar-büi,,,,ngéi,b5 Î
toucher,3d,5dà : Do=3d,,dd,ddË,3dà,3rù,9F,ôd},ddi,ddi,ddi,ddè,
"toujours, souvent",d5r$,ngändäng#,,ki-nd5-gE-pété,nd5-g#,,,jâgà,kè-nda-nd535-g9#,ndèé-ndèé,ngändäng,,kè-nd5-g9#,ti-nd5g#
tourbillon,1#1-maî,,nél-maîi,n$l-mai,ngà-n$61-ma Î,nélè-malé,,büré,nél-ma Î,y$1-ma i,nél-ma Î,lél-mai,,nélmai
"tourner, se",ndur,,,ndur,ndür,,,nduf,,ndur,tuüur,ndur,,
"tournoyer, secouer",,,,,b£,b£T,,bri,bit,,,,,
tous,léy,là4y,kéré,pété,màläàng,,téy,téy,tüu-bè,1äy,màlàng,l4y,màalàng,k5räy
tousser,k$sx,kést,,"k$ést, kés1",käsé,kàäsT,Kk$sE,késx,késx,k$sx,kés#+,-kés#,késx,
trace de,,,,,,gèto,,,,gôtà,,godà,gôtà,gôti
traire; presser avec main,ôre,mbôre,,,mbôré,,mbére,ôrè : Mh=mbüro,,"mbôre, drè",mbére,tér,,mb£re
tranchant : être,àtài,àtà,àt,àtà,àtà,,àtà,àd#,,àtà,àti,àdà,àtà,àti
travail,kilè,kÈlè,Kkùlà,kùlè,kùlè,Kki là,kùlà,külà,kàlà,kùlè,kèlè : Ng9T=-kilà,kùlà,kèlà,
traverser,,,,,,,,dSré,der,,,,g£là,
"traverser, passer",ùr,dS : Gor-dsr,,,dS r,,gang,ndày,der,ds,tèe,dSs£é,man,man
trembler,dàd#,dàd#,ndèb,dàd#,ndèbà,indà,isà,isà,"ndèw, èw","dàdz, ndèbi",ndèbè,dàd#,ndèbà,ndèbi
tremper,y515,y#l,,,ùlè,,yom,ytl,y11,yil:Nar-nom,,kèn,num,
trente,dd-mÈté,,ddà-mdté,dd-mûté,k5r-müté,,d3-müté : Kul=kéà,d3-mündé,,kdr-mûté,kûtèi-mèté,d5-mündà,kûti-mitä,kùti-mità
tresser,pét#,pét#,,pétz,pét£,téè,péte,,hét#,pôte,hétz,pénde,sét#,sèirè
tresser (le secco),dj+,d)j#,ij0,d)#,0j0,dyo,ùjü,ùj1,,d)+r:Nar-dj0,,ùnj1,0j0,+)0
trois,mûté,mité,,mûté,mûté,müt à,mütä,mündä,mité,müté,mité,mèndà,mitä,mitàä
trompe (éléphant),,lôndi,,,lèng,,,j1-ùm,bàtà,,,,,
trou,be,Be,wél,Be,bé,,büwé,,bee,$e,be,be,,
trou,boôlè,bôlè,bilô,"bèld, be",bé : Kul=véhà,,,büwé,bÈ10,bèlè,bôlù,"bôlè, büwà",bd1d,bild
ou dans termitière,,,,,ndori : M=ndort,,,,,ndonono,,,ndoryo,
"jouer; percé, être",mbûti,mbètà,,mbètà,mbètàù,ène,mbètù : Kul=mbüti,mbüdù : Mhb=mbètà,,mbètà,mbètà,mbüdù,mbûtà,mbüt#
-ouver,ingè,èngè,ingà,ingè,ingè,èmbè,ingà,ingà,,ing,èngè,ingà,ingà,nd5d#
ouver par terre,6àa,Pàa,6àa,Pàa,bàa,,Bàa,Bà,,6àa,$àa,Bàa : sr=Bàa,,
1; vous,+-,#-,1-,+-,1-,,+-,#-,1-,1t-,1-,1-,1-,i-
ler,t51,t51,t51,t51,t5l,t5le,t51:Kul=t51e,t35],t51,t951l:Nar-t5l,,t5l,t51,E91
iteurs,,,,s£ngé,,,singa,kinga,kènga,,ngôong#ro,,,
"1, une",kâre,kâre,käda,käâre,käre,,,,,,,,,
Français :,,,,,,kàré,kâra,kära,k£ra,käâre,kégEm,kâra,kégrn,-kégEm
urine,k$di-man,kèd£-maàn,kéd-màñ,k$di-maàn,-kédf-màr,kéj1,èrx,èrs,kéd£i-màan,kéd£i-màan,ngéd£i-màn,èdz,ngéd£f-màn,ngéd£-màñn
vagabondage,,,,,,,,,Kkàyà,kàyà,kàyà,,,
vagin,ng1r,mûdà,,ng1ir,ngir,,ngiri,ngir,mdd,müdù,,ngir,ngir,mùdè
"van, panier pour vanner",kèe,kèe,kèe,kèe,kèe,kèe,kèe : Kul=kèe,kèe,kèe,kèe,kèe,kèe,kèe,kèe
"vanter, se",bôrè,béjz,,"gü, ngôm",,ndgord,ngèm,"ngèm, ùlà",ngôm,ngôm,ngôm,béle,nj4,
vapeur,,künj£:Gor-=kûnj#,,,künduü,,,kündu,kündé,,kündé,kündü,,
varan,bür,bür,bur,bur,bur,,buru,büru,,bur,bür,bur,bür,buhur
vendre,làw,làb#,ka,1làw,igà,ribt,1àb#,dàbz,dâb#,ndog#,igi,-dàw,igi,
venir,dèe,rèe,dèe,dèe,dèe,àbù,dèe : Kul=àvo,dè,dèe,dèe,dèe,dèe,rèe,
venir de; se lever,i,i,i,i,i,àgà,],],,i,),i,i,bày
vent,1é61,nél,nél,n61,nél,nélè,yé1,1él : Mh=nél,,yél,nél,lél,néi,nél
ventre,mè,mèe,kèm,mè,kèm,büdè,wûr,tà-ùr,,mèé,kèm,mè,kèm,kèm
"verge, pénis",mdti,mdtà,,mitE,mèt,,mètE,mddà,,mti,mÔti,mai,môtà,mèti
vermoulu : être,ndüus+,ndus+,,ndus+,ndusuü,ndusu,,ndusu,ndus+,ndus+,ndus#,ndusu,ndus+,
vers,Kk#,Kk#,,k#,kE,,kE,gE,Kk#,Kk#,k#,ds,k#,
verser,mbél1,mbél,mbél,mbél,,,ünqgu,mbé1,mbél,mbél,bGk£,mbél,b5k#,bük#
verser,bük£,,ôñg,mbé1,ùm,,ùngu,Üùm : Mhb=ùu,,ùng#,ong,"ôm, mbél",b5ké,
verser en laissant residues,,,,,,,,,ndès#,ndùsuüu,,,njèr,
verser pour décanter,,ndist,,ùst,,,,ndûsu : M=ndùst,,,,ndûsu,,
vêtement,k+b#,k+b#,,küuw,kuüubu,nàmé,kübu,kubu,küb#,kübü,küb#,kubu,kuüub+,
viande,da,da,da,da,da,)a,,,daa,da,da,da,da,d3
vieillard,dégè,b£gs,,bügs,Pügé,,Büka,büga,b£gé,Bügs,6£gs,"büga, tôgi",bégà,
eux,,g6,,,,kôno,Bükaä,,,b£14,tôgi:NqT=-b£lé,,b£gà,
llage,6e,be : Dh=be,,be,6e,-PE,Be : Lx=be : M=be,,,Pe,6e,$e,6e,be
ngt,d3-66,,dd-j0d,dd-)06,k5r-106,,dd-;06,ddgi-106,dà-06,kdr-j06,kùti-j06,d5-;06,küti-j06,kùti-j06
siter,905,g09,,g00,g00,,goo,géngs,g00,g00,g0s,g05,gùÿ,
"_squeux, gluante",ùwè,ndà1l,,,nd31,,wà,15,ndd1,,ndd1,,ndil,
te,läw,1äw,dé,kàlàngi,kàlàng,gès£i,njàng,gi-tégé : M=ndéré,,kàlàng,lày,kàlàng,läy,läw
ir,00,Ô0,d0,00,à,ùwà,00 : Kul=ùwà,0,Ô0,00,àa,Ô0,à,wW00
)isin,njè-mbé-kéy,màdx-Pe,màd-be,njè-gèdi-kéy,,,,,,,,,,
Français :,,,,,màdz-66,mèandà-dàr,njè-mbér-kéy,,,,,,,
Kul=ni-dàrüu,,,,,,,,njè-bàtà-kéy,màdz-bee,njè-tà-kéy,mèàdr-be,njè-bàdà-kéy,mèadr-be,mèàdr-be
voix,ndu,ndu,ndu,ndu,ndu,nju,ndu,ndu,,nd1,ndu,ndu,ndu,nd1
voler,Pdôgi,Bôgà,,bègi,Bègi,Bègà,5àkù,Bègà : M=bôgE,,bôogi,bôgi,bôgù,Bègi,"bègi,tèji"
vomir,tomo,t5mo,,tomo,tomo,türe,tomo,tome : Mh=tom,,tomo,t5mbo,t5me,tomb#,t5mb#
vouloir,gè,gè,gè,gè,gè,dürû,njiki :Kul=dürû,njigi,,ndig,gè,gè,gÈèy,oè
üù | vous (acc.),-sè,,,-sè,sè-1I,sè,-sé,-s1,-s},-sfi,-sè,-si,-si,-s£
vous (oblique); votre,-s1,-sf,-sé,-sé,-s1,sé,-sé : Kul=sé,-sèy,-s£,-si,-si,-sfi,-si,
"voyage; hôte, invité",mba,mba : Do=mba,,mba,mba,mba,,mba,mbaa,mba,mba,mba,mba,
"youyou, faire",£-ndi Î,£-ndx,njil,£-nd1i,ndi{,nj111,£-njtri,£-njil,ndï {,£-nd1 i,ndil,ndii,ndii,
zorille,,£-sind£,,,,-kendi,,,kendi,,kindf,kindi,,
